,0
0,"FATURA DE VENCIMENTO,PAGAR (R$),"
1,"""164,35EMPRESAS MAI/2018 10/06/2018"",,"
2,"Emissão em 15/05/2018,,00011759"
3,"Período de 13/04/2018 a 13/05/2018,,"
4,""""",,﻿﻿﻿﻿﻿﻿"
5,"CTC CORREIOS,,"
6,"MRO SERVICOS LOGISTICOS S.A.,,"
7,"AV DAS AMERICAS 700 BL 6 SL 145 SL 150,,"
8,"BARRA DA TIJUCA,,"
9,"22640-100 - RIO DE JANEIRO - RJ,,"
10,"7200039896000000000000000010150518,,"
11,"SERVIÇOS UTILIZADOS,,"
12,"MRO SERVICOS LOGISTICOS S.A.,,"
13,"CNPJ: 11.669.055/0001-05,,"
14,"""OI GESTOR 11,01 NÚMERO DO CLIENTE: 2466579449"",,"
15,"NÚMERO DA FATURA: 943703862,,"
16,"MÓVEL No PARA DÉBITO AUTOMÁTICO: 401816954856,,"
17,"""QUANTIDADE DE LINHAS TELEFÔNICAS: 2+ Oi Empresa Especial 151,54"",,"
18,"""TOTAL DE MENSALIDADES 162,55 PRECISA DE AJUDA?"",,"
19,"""SUBTOTAL 162,55"",,"
20,"""Parcelamento de aparelhos  1,80"",,"
21,"WWW.OI.COM.BR,,"
22,"""TOTAL DA SUA FATURA 164,35"",,"
23,"Confira outros serviços para sua empresa,,"
24,"no nosso site.,,"
25,"ENTENDA SEU CONSUMO,,"
26,"O valor da sua fatura nos últimos meses,,"
27,"Mai 2018,""164,35"","
28,"TF:9 - V01.36 - 13_1805_BIF_BP_CT9PPRDa_gS3u_0e3 2s_2u01a8 05f1a51t1u46r1a2_ PeRmOD_ 0d00ia0_ SeAI DeA_vGiAtDe -  CaL ASSSuEs: Cp -e MnOsDEãLoO: E - REGRA: 5 - OBJ: 11759 - FOLHA: 8734,,"
29,"Parcial ou Total dos Serviços e a cobrança de 1%,,"
30,"de juros pró-rata dia e multa de 2% ao mês por,,"
31,"atraso. Evite,despesas desenecessárias,e um"
32,"tempo de Reestabelecimento do serviço de 48,,"
33,"horas.,,"
34,"CLIENTE FATURA DE VENCIMENTO VALOR DÉBITO AUTOMÁTICO,,"
35,"""MRO SERVICOS LOGISTICOS S.A. MAI/2018 10/06/2018 164,35 401816954856"",,"
36,"OI MÓVEL S.A. 84620000001-2  64350113246-5  65794490943-8  70386200000-6,,"
37,"St Setor Comercial Norte S/N - Asa Norte,,"
38,"Brasília - DF CEP:70713900,,"
39,"CNPJ: 05.423.963/0001-11,,"
40,"Inscrição  Estadual: 07.441.356/001/93,,"
41,"Inscrição Municipal: ﻿ ﻿﻿﻿﻿﻿﻿﻿﻿﻿﻿﻿﻿﻿﻿﻿﻿﻿﻿﻿﻿﻿﻿,,"
42,"""Contribuições para o FUST (1%) e FUNTTEL (0,5%) Telefones de contato com a Oi"",Resumo de Tributos - ISS Fixo No 0,,"
43,"""sobre o valor dos serviços, não repassados às 0800 031 0800"",Base de Cálculo,,""0,00"""
44,"tarifas. *144 do seu Oi Móvel,Alíquota,,0%"
45,"Contato Anatel: 1331,Valor,,""0,00"""
46,"Os códigos de seleção de prestadoras de longa,Resumo de Tributos - ISS Móvel / TV No 943703862,,"
47,"""distância são: 12 CTBC Telecom, 13 Fonar, 14 Brasil"",Base de Cálculo,,""0,00"""
48,"""Telecom, 15 Telefónica, 17 Transit, 21 Embratel,"",Alíquota,,0%"
49,"""23 Intelig, 24 Primeira Escolha, 25 Global VIllage"",Valor,,""0,00"""
50,"""Telecom, 27 Aerotech, 31 Oi, 36 Albra, 41 TIM,"",Resumo de tributos,,ICMS"
51,"""43 Sercomtel, 45 AT&T, 85 Vésper SA,"",Serviço Telecom (Base de Cálculo),,""151,54"""
52,"""89 Vésper SP, 91IPcorp, 65 Telecom 65."",Alíquota,,30%"
53,""""",Serviço Não Telecom,,"
54,"Resumo dos Tributos Incidentes,Valor Assinatura,,""11,01"""
55,"Receitas (R$) Valor ICMS Valor ISS Valor PIS Valor COFINS,Alíquota,,0"
56,"""Serviço Telecom 45,46 0,00 0,98 4,54"",,,"
57,"""Serviço Não Telecom 0,00 0,00 0,00 0,00"",,,"
58,"""Outros Serviços 0.00 0.00 0,07 0,33"",,,"
59,"""Total Tributos 45,46 0,00 1,05 4,87"",,,"
60,"Nota: Fundamento legal  Lei 12.741/2012  e Resolução ANATEL 632/2014,,,"
61,""""",,,"
62,"MRO SERVICOS LOGISTICOS S.A.,,,"
63,"CNPJ: 11.669.055/0001-05,,,"
64,"AV DAS AMERICAS 700 BL 6 SL 145 SL 150,,,"
65,"BARRA DA TIJUCA - RIO DE JANEIRO,,,"
66,"22640-100 - RJ,,,"
67,"NOTA FISCAL DE SERVIÇO DE TELECOMUNICAÇÕES NÚMERO DA NF: 11905SÉRIE: USUB-SÉRIE: 1,,,"
68,"RESUMO DOS TRIBUTOS,,ICMS,"
69,"OI MÓVEL S.A.,,,"
70,"CNPJ: 05.423.963/0152-24 Base de Cálculo,,""151,54"","
71,"INSC. ESTADUAL: 15.392.680-5 INSC. MUNICIPAL: 220.104-8,,,"
72,"Travessa Doutor Moraes 121 Prédio Anexo - Térreo - Nazaré - Belem - PA - 66035-080 Alíquota,,30%,"
73,"Regime Especial: 01173028502-8 VIA: Única CFOP: 5307 Valor,,""45,46"","
74,"Natureza da Operação: Serviço de Telecomunicações,,,"
75,"DESCRIÇÃO VALOR (R$) ICMS(%),,,"
76,"""RESERVADO AO FISCOSeu Plano Oi 151,54 30"",,,"
77,"D970.CEDA.E63B.738F.6F64.C33E.8050.8D23,,,"
78,"""Total nota fiscal 151,54"",,,"
79,"MRO SERVICOS LOGISTICOS S.A.,,,,,3/14"
80,"RESUMO DO PLANO (POR ACESSO),,,,,"
81,"SERVIÇO OI VALOR,,SERVIÇO OI VALOR,,SERVIÇO OI,VALOR"
82,"""Serviços Conta Oi 11,01"",,""Oi: 93 99952 8161 75,77"",,Oi: 93 99952 9516,""75,77"""
83,"Parcelamento de,,,,,"
84,"""1,80"",,,,,"
85,"Aparelhos,,,,,"
86,"TOTAL DA FATURA,,,,,""164,35"""
87,""""",,Oi Gestor,,,"
88,"PLANO 0000000001,,,,,""11,01"""
89,""""",,Cobrança proporcional do plano 15/04/2018 a 13/05/2018,,,"
90,""""",,Serviço Oi Gestor - 2 terminais de 15/04/18 a 13/05/18,,,"
91,"SUBTOTAL DO PLANO,,,,,""11,01"""
92,"PACOTES CONTRATADOS,,""Componente 137 Oi Mais : CELULAR 75,00 SVA"",,,""151,54"""
93,"TOTAL DO PLANO,,,,,""162,55"""
94,""""",,Parcelamento de aparelhos,,,""1,80"""
95,""""",,Confira o sequencial para entender os itens acima,,,"
96,"TOTAL DA FATURA,,,,,""164,35"""
97,""""",,TF:9 - V01.36 - 13_1805_BIF_BP_CT9PRD_S3_032_20180515114612_PROD_0000_SAIDA_GAD - CLASSE: C - MODELO: E - REGRA: 5 - OBJ: 11759 - FOLHA: 8735,,,"
98,"MRO SERVICOS LOGISTICOS S.A.,,,,4/14"
99,"Oi Empresa Especial,,,,"
100,"PLANO 0000000002,,,,""75,77"""
101,"Cobrança proporcional do plano 10/04/2018 a 13/05/2018,,,,"
102,"""Componente 137 Oi Mais : CELULAR 75,00 SVA"",,,,"
103,"Subtotal do plano,,,,""75,77"""
104,"NÚMERO (93) 99952-8161,,,,"
105,"TOTAL DO PLANO,,,,""75,77"""
106,"Total da Fatura,,,,""75,77"""
107,"DETALHAMENTO DO USO: (93) 99952-8161,,,,"
108,"LIGAÇÕES LOCAIS,,,,"
109,"Data Hora Telefone,Origem Destino,Duração,Horário,Valor (R$)"
110,"Ligações de Oi para Oi,,,,"
111,"0000000003 17/04/2018 11:58:20 93999528192,VITORIA XINGU PA COD. AREA 93,00:01:48,2a a 6a,""0,00"""
112,"0000000004 18/04/2018 07:54:03 93999528192,VITORIA XINGU PA COD. AREA 93,00:00:36,2a a 6a,""0,00"""
113,"0000000005 18/04/2018 08:02:44 93999528192,VITORIA XINGU PA COD. AREA 93,00:00:30,2a a 6a,""0,00"""
114,"0000000006 18/04/2018 08:25:25 93999528192,VITORIA XINGU PA COD. AREA 93,00:00:36,2a a 6a,""0,00"""
115,"0000000007 18/04/2018 08:35:47 93988151386,VITORIA XINGU PA COD. AREA 93,00:02:00,2a a 6a,""0,00"""
116,"0000000008 18/04/2018 09:32:54 93988151386,VITORIA XINGU PA COD. AREA 93,00:01:00,2a a 6a,""0,00"""
117,"0000000009 18/04/2018 10:29:27 93988151386,VITORIA XINGU PA COD. AREA 93,00:01:30,2a a 6a,""0,00"""
118,"0000000010 18/04/2018 10:52:39 93988151386,VITORIA XINGU PA COD. AREA 93,00:00:42,2a a 6a,""0,00"""
119,"0000000011 18/04/2018 11:39:34 93999525983,VITORIA XINGU PA COD. AREA 93,00:00:30,2a a 6a,""0,00"""
120,"0000000012 18/04/2018 13:35:11 93988144624,VITORIA XINGU PA COD. AREA 93,00:01:36,2a a 6a,""0,00"""
121,"0000000013 18/04/2018 13:37:16 93988092055,VITORIA XINGU PA COD. AREA 93,00:00:30,2a a 6a,""0,00"""
122,"0000000014 18/04/2018 13:38:18 93988042419,VITORIA XINGU PA COD. AREA 93,00:02:24,2a a 6a,""0,00"""
123,"0000000015 18/04/2018 13:43:49 93988042419,VITORIA XINGU PA COD. AREA 93,00:00:30,2a a 6a,""0,00"""
124,"0000000016 19/04/2018 14:41:23 93999528192,VITORIA XINGU PA COD. AREA 93,00:01:06,2a a 6a,""0,00"""
125,"0000000017 19/04/2018 14:47:18 93988160747,VITORIA XINGU PA COD. AREA 93,00:01:36,2a a 6a,""0,00"""
126,"0000000018 19/04/2018 15:20:39 93999526846,VITORIA XINGU PA COD. AREA 93,00:00:36,2a a 6a,""0,00"""
127,"0000000019 20/04/2018 08:47:06 93988151386,VITORIA XINGU PA COD. AREA 93,00:00:54,2a a 6a,""0,00"""
128,"0000000020 20/04/2018 08:49:23 93999526846,VITORIA XINGU PA COD. AREA 93,00:02:06,2a a 6a,""0,00"""
129,"0000000021 20/04/2018 11:00:12 93999528192,VITORIA XINGU PA COD. AREA 93,00:00:30,2a a 6a,""0,00"""
130,"0000000022 20/04/2018 13:29:34 93999526846,VITORIA XINGU PA COD. AREA 93,00:00:36,2a a 6a,""0,00"""
131,"0000000023 23/04/2018 09:06:28 93999528192,VITORIA XINGU PA COD. AREA 93,00:00:30,2a a 6a,""0,00"""
132,"0000000024 23/04/2018 14:06:24 93996531833,VITORIA XINGU PA COD. AREA 93,00:02:18,2a a 6a,""0,00"""
133,"0000000025 23/04/2018 14:30:42 93996531833,VITORIA XINGU PA COD. AREA 93,00:01:12,2a a 6a,""0,00"""
134,"0000000026 23/04/2018 14:50:32 93999545347,VITORIA XINGU PA COD. AREA 93,00:01:48,2a a 6a,""0,00"""
135,"0000000027 24/04/2018 08:22:46 93999542578,VITORIA XINGU PA COD. AREA 93,00:01:30,2a a 6a,""0,00"""
136,"0000000028 24/04/2018 08:54:06 93988151386,VITORIA XINGU PA COD. AREA 93,00:00:30,2a a 6a,""0,00"""
137,"0000000029 24/04/2018 10:19:06 93988151386,VITORIA XINGU PA COD. AREA 93,00:00:36,2a a 6a,""0,00"""
138,"0000000030 24/04/2018 10:43:12 93999526846,VITORIA XINGU PA COD. AREA 93,00:01:00,2a a 6a,""0,00"""
139,"0000000031 24/04/2018 11:11:51 93999528192,VITORIA XINGU PA COD. AREA 93,00:01:00,2a a 6a,""0,00"""
140,"0000000032 25/04/2018 09:26:32 93999526846,VITORIA XINGU PA COD. AREA 93,00:00:30,2a a 6a,""0,00"""
141,"0000000033 25/04/2018 09:28:55 93999526846,VITORIA XINGU PA COD. AREA 93,00:00:36,2a a 6a,""0,00"""
142,"0000000034 25/04/2018 15:27:08 93999031244,VITORIA XINGU PA COD. AREA 93,00:01:12,2a a 6a,""0,00"""
143,"0000000035 26/04/2018 08:46:00 93996531833,VITORIA XINGU PA COD. AREA 93,00:03:48,2a a 6a,""0,00"""
144,"0000000036 26/04/2018 10:12:00 93988019172,VITORIA XINGU PA COD. AREA 93,00:03:00,2a a 6a,""0,00"""
145,"0000000037 26/04/2018 14:47:27 93999526846,VITORIA XINGU PA COD. AREA 93,00:00:42,2a a 6a,""0,00"""
146,"0000000038 26/04/2018 14:49:08 93988074945,VITORIA XINGU PA COD. AREA 93,00:01:54,2a a 6a,""0,00"""
147,"0000000039 27/04/2018 08:26:30 93988115207,VITORIA XINGU PA COD. AREA 93,00:00:42,2a a 6a,""0,00"""
148,"0000000040 27/04/2018 08:28:59 93999750647,VITORIA XINGU PA COD. AREA 93,00:01:54,2a a 6a,""0,00"""
149,"0000000041 27/04/2018 08:32:45 93988115207,VITORIA XINGU PA COD. AREA 93,00:03:00,2a a 6a,""0,00"""
150,"0000000042 27/04/2018 09:39:00 93988115207,VITORIA XINGU PA COD. AREA 93,00:01:06,2a a 6a,""0,00"""
151,"0000000043 27/04/2018 13:43:53 93988037459,VITORIA XINGU PA COD. AREA 93,00:00:30,2a a 6a,""0,00"""
152,"0000000044 27/04/2018 13:44:59 93999542578,VITORIA XINGU PA COD. AREA 93,00:00:54,2a a 6a,""0,00"""
153,"0000000045 28/04/2018 08:37:01 93999545347,VITORIA XINGU PA COD. AREA 93,00:03:30,Sáb/Dom,""0,00"""
154,"0000000046 28/04/2018 08:46:59 93988019172,VITORIA XINGU PA COD. AREA 93,00:01:36,Sáb/Dom,""0,00"""
155,"0000000047 28/04/2018 09:15:09 93988115207,VITORIA XINGU PA COD. AREA 93,00:02:00,Sáb/Dom,""0,00"""
156,"0000000048 28/04/2018 09:19:54 93999750647,VITORIA XINGU PA COD. AREA 93,00:00:30,Sáb/Dom,""0,00"""
157,"0000000049 28/04/2018 10:21:14 93996531833,VITORIA XINGU PA COD. AREA 93,00:02:18,Sáb/Dom,""0,00"""
158,"0000000050 28/04/2018 10:27:11 93999542578,VITORIA XINGU PA COD. AREA 93,00:01:06,Sáb/Dom,""0,00"""
159,"0000000051 28/04/2018 11:13:57 93999750647,VITORIA XINGU PA COD. AREA 93,00:01:24,Sáb/Dom,""0,00"""
160,"0000000052 28/04/2018 11:16:50 93999010081,VITORIA XINGU PA COD. AREA 93,00:00:42,Sáb/Dom,""0,00"""
161,"0000000053 28/04/2018 11:18:08 93988115207,VITORIA XINGU PA COD. AREA 93,00:00:42,Sáb/Dom,""0,00"""
162,"0000000054 28/04/2018 11:29:47 93996531833,VITORIA XINGU PA COD. AREA 93,00:01:48,Sáb/Dom,""0,00"""
163,"0000000055 28/04/2018 11:32:12 93999545347,VITORIA XINGU PA COD. AREA 93,00:01:12,Sáb/Dom,""0,00"""
164,"0000000056 28/04/2018 11:36:35 93999542578,VITORIA XINGU PA COD. AREA 93,00:00:42,Sáb/Dom,""0,00"""
165,"0000000057 30/04/2018 08:58:00 93996531833,VITORIA XINGU PA COD. AREA 93,00:01:42,2a a 6a,""0,00"""
166,"0000000058 30/04/2018 10:15:50 93999010081,VITORIA XINGU PA COD. AREA 93,00:03:06,2a a 6a,""0,00"""
167,"0000000059 30/04/2018 10:21:31 93999750647,VITORIA XINGU PA COD. AREA 93,00:03:48,2a a 6a,""0,00"""
168,"0000000060 30/04/2018 10:25:34 93996531833,VITORIA XINGU PA COD. AREA 93,00:02:00,2a a 6a,""0,00"""
169,"0000000061 30/04/2018 10:29:47 93999542578,VITORIA XINGU PA COD. AREA 93,00:05:00,2a a 6a,""0,00"""
170,"0000000062 30/04/2018 10:36:21 93988115207,VITORIA XINGU PA COD. AREA 93,00:00:36,2a a 6a,""0,00"""
171,"0000000063 30/04/2018 14:08:30 93999526562,VITORIA XINGU PA COD. AREA 93,00:01:12,2a a 6a,""0,00"""
172,"0000000064 02/05/2018 08:55:40 93999545347,VITORIA XINGU PA COD. AREA 93,00:01:18,2a a 6a,""0,00"""
173,"MRO SERVICOS LOGISTICOS S.A.,,,,,,5/14"
174,"Data Hora,Telefone,Origem,Destino,Duração,Horário,Valor (R$)"
175,"0000000065 02/05/2018 09:42:40,93999545347,VITORIA XINGU,PA COD. AREA 93,00:02:54,2a a 6a,""0,00"""
176,"0000000066 02/05/2018 10:27:25,93988151386,VITORIA XINGU,PA COD. AREA 93,00:00:30,2a a 6a,""0,00"""
177,"0000000067 02/05/2018 10:43:14,93988151386,VITORIA XINGU,PA COD. AREA 93,00:00:30,2a a 6a,""0,00"""
178,"0000000068 02/05/2018 16:10:37,93988151386,VITORIA XINGU,PA COD. AREA 93,00:00:30,2a a 6a,""0,00"""
179,"0000000069 02/05/2018 16:17:41,93999527515,VITORIA XINGU,PA COD. AREA 93,00:01:42,2a a 6a,""0,00"""
180,"0000000070 02/05/2018 17:22:50,93988151386,VITORIA XINGU,PA COD. AREA 93,00:00:30,2a a 6a,""0,00"""
181,"0000000071 03/05/2018 08:01:12,93999526562,VITORIA XINGU,PA COD. AREA 93,00:00:36,2a a 6a,""0,00"""
182,"0000000072 03/05/2018 08:20:07,93999526846,VITORIA XINGU,PA COD. AREA 93,00:00:30,2a a 6a,""0,00"""
183,"0000000073 03/05/2018 08:34:26,93999526846,VITORIA XINGU,PA COD. AREA 93,00:00:54,2a a 6a,""0,00"""
184,"0000000074 03/05/2018 10:35:17,93999528192,VITORIA XINGU,PA COD. AREA 93,00:01:18,2a a 6a,""0,00"""
185,"0000000075 03/05/2018 13:40:55,93999526846,VITORIA XINGU,PA COD. AREA 93,00:00:36,2a a 6a,""0,00"""
186,"0000000076 03/05/2018 13:51:42,93999528192,VITORIA XINGU,PA COD. AREA 93,00:00:30,2a a 6a,""0,00"""
187,"0000000077 03/05/2018 15:04:56,93999529032,VITORIA XINGU,PA COD. AREA 93,00:01:06,2a a 6a,""0,00"""
188,"0000000078 04/05/2018 08:13:26,93988115207,VITORIA XINGU,PA COD. AREA 93,00:03:54,2a a 6a,""0,00"""
189,"0000000079 04/05/2018 08:23:48,93999750647,VITORIA XINGU,PA COD. AREA 93,00:00:54,2a a 6a,""0,00"""
190,"0000000080 04/05/2018 09:21:35,93999542578,VITORIA XINGU,PA COD. AREA 93,00:01:06,2a a 6a,""0,00"""
191,"0000000081 04/05/2018 09:30:59,93999542578,VITORIA XINGU,PA COD. AREA 93,00:00:30,2a a 6a,""0,00"""
192,"0000000082 04/05/2018 09:56:25,93999750647,VITORIA XINGU,PA COD. AREA 93,00:00:30,2a a 6a,""0,00"""
193,"0000000083 04/05/2018 09:57:45,93988115207,VITORIA XINGU,PA COD. AREA 93,00:01:12,2a a 6a,""0,00"""
194,"0000000084 04/05/2018 10:43:29,93999545347,VITORIA XINGU,PA COD. AREA 93,00:01:54,2a a 6a,""0,00"""
195,"0000000085 04/05/2018 11:43:35,93999545347,VITORIA XINGU,PA COD. AREA 93,00:01:00,2a a 6a,""0,00"""
196,"0000000086 04/05/2018 12:06:51,93999542578,VITORIA XINGU,PA COD. AREA 93,00:00:36,2a a 6a,""0,00"""
197,"0000000087 04/05/2018 12:22:01,93999033339,VITORIA XINGU,PA COD. AREA 93,00:03:48,2a a 6a,""0,00"""
198,"0000000088 04/05/2018 13:47:54,93999529142,VITORIA XINGU,PA COD. AREA 93,00:00:54,2a a 6a,""0,00"""
199,"0000000089 05/05/2018 09:17:18,*100,VITORIA XINGU,NACIONAL,00:00:30,Sáb/Dom,""0,00"""
200,"0000000090 08/05/2018 06:40:00,93999526846,VITORIA XINGU,PA COD. AREA 93,00:00:30,2a a 6a,""0,00"""
201,"0000000091 08/05/2018 08:10:40,93999525698,VITORIA XINGU,PA COD. AREA 93,00:00:30,2a a 6a,""0,00"""
202,"0000000092 08/05/2018 12:25:02,93996559911,VITORIA XINGU,PA COD. AREA 93,00:00:30,2a a 6a,""0,00"""
203,"0000000093 08/05/2018 14:13:00,93999529142,VITORIA XINGU,PA COD. AREA 93,00:01:42,2a a 6a,""0,00"""
204,"0000000094 08/05/2018 15:35:08,93988060843,VITORIA XINGU,PA COD. AREA 93,00:01:24,2a a 6a,""0,00"""
205,"0000000095 08/05/2018 17:42:27,93999526846,VITORIA XINGU,PA COD. AREA 93,00:01:24,2a a 6a,""0,00"""
206,"0000000096 09/05/2018 07:18:17,93999529142,VITORIA XINGU,PA COD. AREA 93,00:00:54,2a a 6a,""0,00"""
207,"0000000097 09/05/2018 07:33:54,93999025501,VITORIA XINGU,PA COD. AREA 93,00:01:48,2a a 6a,""0,00"""
208,"0000000098 09/05/2018 08:48:22,93999033339,VITORIA XINGU,PA COD. AREA 93,00:00:54,2a a 6a,""0,00"""
209,"0000000099 09/05/2018 10:41:13,93999031244,VITORIA XINGU,PA COD. AREA 93,00:01:06,2a a 6a,""0,00"""
210,"0000000100 09/05/2018 14:27:42,93988121172,VITORIA XINGU,PA COD. AREA 93,00:02:30,2a a 6a,""0,00"""
211,"0000000101 09/05/2018 15:16:23,93999542578,VITORIA XINGU,PA COD. AREA 93,00:01:18,2a a 6a,""0,00"""
212,"0000000102 10/05/2018 08:06:42,93999526846,VITORIA XINGU,PA COD. AREA 93,00:02:06,2a a 6a,""0,00"""
213,"0000000103 10/05/2018 08:12:49,93999024588,VITORIA XINGU,PA COD. AREA 93,00:00:30,2a a 6a,""0,00"""
214,"0000000104 10/05/2018 08:23:42,93999526846,VITORIA XINGU,PA COD. AREA 93,00:01:00,2a a 6a,""0,00"""
215,"0000000105 10/05/2018 08:28:06,93999033339,VITORIA XINGU,PA COD. AREA 93,00:01:06,2a a 6a,""0,00"""
216,"0000000106 10/05/2018 08:30:00,93996531833,VITORIA XINGU,PA COD. AREA 93,00:02:12,2a a 6a,""0,00"""
217,"0000000107 10/05/2018 08:54:32,93999542578,VITORIA XINGU,PA COD. AREA 93,00:01:36,2a a 6a,""0,00"""
218,"0000000108 10/05/2018 09:27:53,93999033339,VITORIA XINGU,PA COD. AREA 93,00:00:48,2a a 6a,""0,00"""
219,"0000000109 10/05/2018 09:48:56,93999526846,VITORIA XINGU,PA COD. AREA 93,00:00:30,2a a 6a,""0,00"""
220,"0000000110 10/05/2018 09:54:21,93996531833,VITORIA XINGU,PA COD. AREA 93,00:01:54,2a a 6a,""0,00"""
221,"0000000111 10/05/2018 10:15:13,93996531833,VITORIA XINGU,PA COD. AREA 93,00:02:06,2a a 6a,""0,00"""
222,"0000000112 10/05/2018 10:23:43,93988035727,VITORIA XINGU,PA COD. AREA 93,00:01:00,2a a 6a,""0,00"""
223,"0000000113 10/05/2018 10:30:35,93999033339,VITORIA XINGU,PA COD. AREA 93,00:00:54,2a a 6a,""0,00"""
224,"0000000114 10/05/2018 10:53:05,93999048856,VITORIA XINGU,PA COD. AREA 93,00:02:48,2a a 6a,""0,00"""
225,"0000000115 10/05/2018 11:14:29,93999542613,VITORIA XINGU,PA COD. AREA 93,00:04:54,2a a 6a,""0,00"""
226,"0000000116 10/05/2018 12:08:15,93999033339,VITORIA XINGU,PA COD. AREA 93,00:00:36,2a a 6a,""0,00"""
227,"0000000117 10/05/2018 13:28:02,93996559911,VITORIA XINGU,PA COD. AREA 93,00:01:00,2a a 6a,""0,00"""
228,"0000000118 10/05/2018 15:24:55,93999526846,VITORIA XINGU,PA COD. AREA 93,00:00:42,2a a 6a,""0,00"""
229,"0000000119 11/05/2018 08:20:29,93999048856,VITORIA XINGU,PA COD. AREA 93,00:02:06,2a a 6a,""0,00"""
230,"0000000120 11/05/2018 08:23:07,93999542613,VITORIA XINGU,""TF:9 - V01.36P -A 13 C_18O0D5_.B AIF_RBEP_ACT 99P3RD_S3_032_201800051:5011346:5124_PROD_020a0 0a_S 6AIaDA_GAD - CLASSE: C - M0OD,E0L0O: E - REGRA: 5 - OBJ: 11759 - FOLHA: 8736"",,,"
231,"0000000121 11/05/2018 08:41:36,93999526846,VITORIA XINGU,PA COD. AREA 93,00:00:36,2a a 6a,""0,00"""
232,"0000000122 11/05/2018 10:12:00,93999542578,VITORIA XINGU,PA COD. AREA 93,00:00:30,2a a 6a,""0,00"""
233,"0000000123 11/05/2018 10:48:39,93988121172,VITORIA XINGU,PA COD. AREA 93,00:06:54,2a a 6a,""0,00"""
234,"0000000124 11/05/2018 14:34:10,93999545347,VITORIA XINGU,PA COD. AREA 93,00:01:12,2a a 6a,""0,00"""
235,"0000000125 12/05/2018 13:34:41,93999527515,VITORIA XINGU,PA COD. AREA 93,00:02:00,Sáb/Dom,""0,00"""
236,"Duração Total,,,,02:54:18,,"
237,"Ligações de Oi para Fixo,,,,,,"
238,"0000000126 25/04/2018 11:45:17,9330045060,VITORIA XINGU,PA SANTAREM,00:01:54,2a a 6a,""0,00"""
239,"0000000127 25/04/2018 12:02:02,9330045060,VITORIA XINGU,PA SANTAREM,00:03:30,2a a 6a,""0,00"""
240,"0000000128 02/05/2018 14:52:07,9335151577,VITORIA XINGU,PA ALTAMIRA,00:00:30,2a a 6a,""0,00"""
241,"0000000129 02/05/2018 15:03:05,9335151245,VITORIA XINGU,PA ALTAMIRA,00:00:30,2a a 6a,""0,00"""
242,"Duração Total,,,,00:06:24,,"
243,"Ligações de Oi para outros celulares,,,,,,"
244,"0000000130 23/04/2018 14:18:20,93992002223,VITORIA XINGU,PA COD. AREA 93,00:01:06,2a a 6a,""0,00"""
245,"0000000131 23/04/2018 14:21:10,93991562974,VITORIA XINGU,PA COD. AREA 93,00:01:30,2a a 6a,""0,00"""
246,"0000000132 23/04/2018 14:25:24,93991562974,VITORIA XINGU,PA COD. AREA 93,00:01:12,2a a 6a,""0,00"""
247,"0000000133 23/04/2018 14:36:08,93991562974,VITORIA XINGU,PA COD. AREA 93,00:01:18,2a a 6a,""0,00"""
248,"0000000134 23/04/2018 14:40:04,93992329563,VITORIA XINGU,PA COD. AREA 93,00:01:24,2a a 6a,""0,00"""
249,"0000000135 25/04/2018 13:46:40,93991019946,VITORIA XINGU,PA COD. AREA 93,00:01:12,2a a 6a,""0,00"""
250,"0000000136 25/04/2018 14:16:12,93991874207,VITORIA XINGU,PA COD. AREA 93,00:01:30,2a a 6a,""0,00"""
251,"0000000137 25/04/2018 14:35:39,93991019946,VITORIA XINGU,PA COD. AREA 93,00:00:36,2a a 6a,""0,00"""
252,"0000000138 25/04/2018 14:42:55,93992329563,VITORIA XINGU,PA COD. AREA 93,00:01:54,2a a 6a,""0,00"""
253,"MRO SERVICOS LOGISTICOS S.A.,,,,,,6/14"
254,"Data Hora Telefone,,Origem,Destino,Duração Horário,,Valor (R$)"
255,"0000000139 26/04/2018 08:54:49 93992329563,,VITORIA XINGU,PA COD. AREA 93,00:02:42 2a a 6a,,""0,00"""
256,"0000000140 26/04/2018 08:59:34 93992329563,,VITORIA XINGU,PA COD. AREA 93,00:03:18 2a a 6a,,""0,00"""
257,"0000000141 26/04/2018 09:10:21 93992329563,,VITORIA XINGU,PA COD. AREA 93,00:00:30 2a a 6a,,""0,00"""
258,"0000000142 26/04/2018 09:35:11 93991019946,,VITORIA XINGU,PA COD. AREA 93,00:00:30 2a a 6a,,""0,00"""
259,"0000000143 26/04/2018 09:37:46 93991019946,,VITORIA XINGU,PA COD. AREA 93,00:02:36 2a a 6a,,""0,00"""
260,"0000000144 26/04/2018 09:56:04 93991874207,,VITORIA XINGU,PA COD. AREA 93,00:02:00 2a a 6a,,""0,00"""
261,"0000000145 26/04/2018 10:02:13 93991622210,,VITORIA XINGU,PA COD. AREA 93,00:04:42 2a a 6a,,""0,00"""
262,"0000000146 26/04/2018 10:16:21 93991961369,,VITORIA XINGU,PA COD. AREA 93,00:00:30 2a a 6a,,""0,00"""
263,"0000000147 26/04/2018 11:00:15 93991373034,,VITORIA XINGU,PA COD. AREA 93,00:02:30 2a a 6a,,""0,00"""
264,"0000000148 27/04/2018 13:46:40 93991874207,,VITORIA XINGU,PA COD. AREA 93,00:00:54 2a a 6a,,""0,00"""
265,"0000000149 28/04/2018 10:29:16 93992329563,,VITORIA XINGU,PA COD. AREA 93,00:01:24 Sáb/Dom,,""0,00"""
266,"0000000150 28/04/2018 11:20:22 93991622210,,VITORIA XINGU,PA COD. AREA 93,00:01:24 Sáb/Dom,,""0,00"""
267,"0000000151 28/04/2018 11:26:13 93991373034,,VITORIA XINGU,PA COD. AREA 93,00:01:42 Sáb/Dom,,""0,00"""
268,"0000000152 28/04/2018 11:37:49 93992329563,,VITORIA XINGU,PA COD. AREA 93,00:01:06 Sáb/Dom,,""0,00"""
269,"0000000153 30/04/2018 10:05:24 93992329563,,VITORIA XINGU,PA COD. AREA 93,00:04:18 2a a 6a,,""0,00"""
270,"0000000154 30/04/2018 10:40:38 93991622210,,VITORIA XINGU,PA COD. AREA 93,00:00:30 2a a 6a,,""0,00"""
271,"0000000155 30/04/2018 10:50:18 93991373034,,VITORIA XINGU,PA COD. AREA 93,00:00:36 2a a 6a,,""0,00"""
272,"0000000156 30/04/2018 11:07:29 93991622210,,VITORIA XINGU,PA COD. AREA 93,00:00:36 2a a 6a,,""0,00"""
273,"0000000157 30/04/2018 13:32:48 93992329563,,VITORIA XINGU,PA COD. AREA 93,00:01:30 2a a 6a,,""0,00"""
274,"0000000158 02/05/2018 08:49:04 93992329563,,VITORIA XINGU,PA COD. AREA 93,00:02:36 2a a 6a,,""0,00"""
275,"0000000159 02/05/2018 08:53:42 93992329563,,VITORIA XINGU,PA COD. AREA 93,00:01:18 2a a 6a,,""0,00"""
276,"0000000160 02/05/2018 10:06:40 93992329563,,VITORIA XINGU,PA COD. AREA 93,00:00:30 2a a 6a,,""0,00"""
277,"0000000161 02/05/2018 11:08:10 93992329563,,VITORIA XINGU,PA COD. AREA 93,00:01:00 2a a 6a,,""0,00"""
278,"0000000162 04/05/2018 07:56:43 93991562974,,VITORIA XINGU,PA COD. AREA 93,00:00:36 2a a 6a,,""0,00"""
279,"0000000163 04/05/2018 11:14:05 93991373034,,VITORIA XINGU,PA COD. AREA 93,00:02:30 2a a 6a,,""0,00"""
280,"0000000164 04/05/2018 11:32:19 93991373034,,VITORIA XINGU,PA COD. AREA 93,00:01:00 2a a 6a,,""0,00"""
281,"0000000165 04/05/2018 13:33:30 93991562974,,VITORIA XINGU,PA COD. AREA 93,00:01:30 2a a 6a,,""0,00"""
282,"0000000166 04/05/2018 13:52:26 93992339029,,VITORIA XINGU,PA COD. AREA 93,00:00:48 2a a 6a,,""0,00"""
283,"0000000167 04/05/2018 13:58:00 93992339029,,VITORIA XINGU,PA COD. AREA 93,00:01:54 2a a 6a,,""0,00"""
284,"0000000168 04/05/2018 14:14:59 93991562974,,VITORIA XINGU,PA COD. AREA 93,00:00:48 2a a 6a,,""0,00"""
285,"0000000169 05/05/2018 08:31:00 93992339029,,VITORIA XINGU,PA COD. AREA 93,00:03:42 Sáb/Dom,,""0,00"""
286,"0000000170 05/05/2018 09:15:41 93992339029,,VITORIA XINGU,PA COD. AREA 93,00:00:30 Sáb/Dom,,""0,00"""
287,"0000000171 05/05/2018 09:16:51 93992339029,,VITORIA XINGU,PA COD. AREA 93,00:02:06 Sáb/Dom,,""0,00"""
288,"0000000172 05/05/2018 09:31:36 93992339029,,VITORIA XINGU,PA COD. AREA 93,00:01:24 Sáb/Dom,,""0,00"""
289,"0000000173 08/05/2018 09:40:48 93991562974,,VITORIA XINGU,PA COD. AREA 93,00:01:24 2a a 6a,,""0,00"""
290,"0000000174 09/05/2018 08:11:08 93991622210,,VITORIA XINGU,PA COD. AREA 93,00:01:06 2a a 6a,,""0,00"""
291,"0000000175 09/05/2018 08:25:14 93991622210,,VITORIA XINGU,PA COD. AREA 93,00:00:36 2a a 6a,,""0,00"""
292,"0000000176 09/05/2018 08:46:46 93991562974,,VITORIA XINGU,PA COD. AREA 93,00:01:00 2a a 6a,,""0,00"""
293,"0000000177 09/05/2018 10:48:15 93991622210,,VITORIA XINGU,PA COD. AREA 93,00:00:54 2a a 6a,,""0,00"""
294,"0000000178 09/05/2018 13:40:46 93991562974,,VITORIA XINGU,PA COD. AREA 93,00:01:18 2a a 6a,,""0,00"""
295,"0000000179 09/05/2018 13:43:39 93991373034,,VITORIA XINGU,PA COD. AREA 93,00:02:18 2a a 6a,,""0,00"""
296,"0000000180 09/05/2018 14:07:07 93991373034,,VITORIA XINGU,PA COD. AREA 93,00:02:06 2a a 6a,,""0,00"""
297,"0000000181 09/05/2018 14:57:48 93991562974,,VITORIA XINGU,PA COD. AREA 93,00:02:00 2a a 6a,,""0,00"""
298,"0000000182 09/05/2018 15:19:27 93991562974,,VITORIA XINGU,PA COD. AREA 93,00:01:48 2a a 6a,,""0,00"""
299,"0000000183 10/05/2018 08:37:41 93992339029,,VITORIA XINGU,PA COD. AREA 93,00:01:42 2a a 6a,,""0,00"""
300,"0000000184 10/05/2018 09:34:04 93992339029,,VITORIA XINGU,PA COD. AREA 93,00:02:54 2a a 6a,,""0,00"""
301,"0000000185 10/05/2018 09:39:32 93991622210,,VITORIA XINGU,PA COD. AREA 93,00:02:30 2a a 6a,,""0,00"""
302,"0000000186 10/05/2018 11:28:38 93991444854,,VITORIA XINGU,PA COD. AREA 93,00:03:42 2a a 6a,,""0,00"""
303,"0000000187 11/05/2018 10:05:56 93991373034,,VITORIA XINGU,PA COD. AREA 93,00:01:12 2a a 6a,,""0,00"""
304,"0000000188 11/05/2018 10:10:04 93991622210,,VITORIA XINGU,PA COD. AREA 93,00:00:48 2a a 6a,,""0,00"""
305,"0000000189 11/05/2018 10:14:21 93991373034,,VITORIA XINGU,PA COD. AREA 93,00:00:48 2a a 6a,,""0,00"""
306,"0000000190 11/05/2018 10:15:59 93991562974,,VITORIA XINGU,PA COD. AREA 93,00:00:54 2a a 6a,,""0,00"""
307,"Duração Total,,,,01:36:12,,"
308,"Tudo que você usou em Ligações Locais,,,,,,""0,00"""
309,"MENSAGENS/INTERNET MÓVEL,,,,,,"
310,"Data Hora Telefone,,Valor R$,Data Hora,Telefone,,Valor R$"
311,"Uso de Mensagens dentro da área Oi,,,,,,"
312,"Oi Torpedo,,,,,,"
313,"0000000191 02/05/2018 12:01:59 93992329563,,""0,00 0000000192"",10/05/2018 10:21:10,93996531833,,""0,00"""
314,"0000000193 10/05/2018 10:21:43 93996531833,,""0,00 0000000194"",10/05/2018 10:21:56,93996531833,,""0,00"""
315,"Tudo que você usou em Mensagens,,,,,,""0,00"""
316,"Total de Torpedos: 4,,,,,,"
317,"Data Hora Telefone,,Origem,Duração,Volume Conteúdo,,Valor (R$)"
318,"Uso de Internet Móvel dentro da área Oi,,,,,,"
319,"Tráfego de Internet,,,,,,"
320,"0000000195 10/04/2018 15:49:57 299kb,,""0,00 0000000196"",10/04/2018 16:15:41,200kb,,""0,00"""
321,"0000000197 11/04/2018 18:44:33 246kb,,""0,00 0000000198"",11/04/2018 18:45:10,0kb,,""0,00"""
322,"0000000199 11/04/2018 18:58:16 374kb,,""0,00 0000000200"",11/04/2018 19:15:55,105kb,,""0,00"""
323,"0000000201 11/04/2018 19:20:56 0kb,,""0,00 0000000202"",11/04/2018 19:23:09,200kb,,""0,00"""
324,"0000000203 11/04/2018 19:24:17 0kb,,""0,00 0000000204"",11/04/2018 19:27:15,200kb,,""0,00"""
325,"0000000205 11/04/2018 19:28:54 200kb,,""0,00 0000000206"",11/04/2018 19:38:58,392kb,,""0,00"""
326,"0000000207 17/04/2018 07:25:07 1005kb,,""0,00 0000000208"",17/04/2018 07:44:03,525kb,,""0,00"""
327,"0000000209 17/04/2018 07:56:04 278kb,,""0,00 0000000210"",17/04/2018 08:53:27,200kb,,""0,00"""
328,"0000000211 17/04/2018 09:04:17 171kb,,""0,00 0000000212"",17/04/2018 09:57:50,681kb,,""0,00"""
329,"0000000213 17/04/2018 12:40:01 133kb,,""0,00 0000000214"",17/04/2018 13:00:25,200kb,,""0,00"""
330,"MRO SERVICOS LOGISTICOS S.A.,,,,,,,,7/14"
331,"Data Hora,Telefone,Origem,,Duração,,Volume,Conteúdo,Valor (R$)"
332,"0000000215 17/04/2018 13:22:46,450kb,""0,00"",0000000216,17/04/2018,15:09:30,1424kb,,""0,00"""
333,"0000000217 17/04/2018 17:29:05,318kb,""0,00"",0000000218,17/04/2018,17:47:35,18821kb,,""0,00"""
334,"0000000219 18/04/2018 05:54:11,370kb,""0,00"",0000000220,18/04/2018,06:46:41,1337kb,,""0,00"""
335,"0000000221 18/04/2018 08:51:05,239kb,""0,00"",0000000222,18/04/2018,08:57:40,102kb,,""0,00"""
336,"0000000223 18/04/2018 09:34:09,940kb,""0,00"",0000000224,18/04/2018,12:40:43,200kb,,""0,00"""
337,"0000000225 18/04/2018 12:41:21,1372kb,""0,00"",0000000226,18/04/2018,15:26:35,351kb,,""0,00"""
338,"0000000227 18/04/2018 16:34:01,7310kb,""0,00"",0000000228,19/04/2018,06:48:37,303kb,,""0,00"""
339,"0000000229 19/04/2018 07:06:26,200kb,""0,00"",0000000230,19/04/2018,07:42:46,652kb,,""0,00"""
340,"0000000231 19/04/2018 13:34:08,1710kb,""0,00"",0000000232,19/04/2018,17:38:31,1430kb,,""0,00"""
341,"0000000233 20/04/2018 06:43:52,349kb,""0,00"",0000000234,20/04/2018,06:50:15,200kb,,""0,00"""
342,"0000000235 20/04/2018 07:04:23,409kb,""0,00"",0000000236,20/04/2018,08:48:53,200kb,,""0,00"""
343,"0000000237 20/04/2018 08:53:24,271kb,""0,00"",0000000238,20/04/2018,10:35:46,744kb,,""0,00"""
344,"0000000239 20/04/2018 13:44:16,902kb,""0,00"",0000000240,20/04/2018,15:25:07,200kb,,""0,00"""
345,"0000000241 20/04/2018 15:52:32,200kb,""0,00"",0000000242,20/04/2018,15:55:39,63kb,,""0,00"""
346,"0000000243 20/04/2018 16:24:54,19kb,""0,00"",0000000244,20/04/2018,16:26:21,28kb,,""0,00"""
347,"0000000245 20/04/2018 16:26:47,540kb,""0,00"",0000000246,20/04/2018,19:58:13,200kb,,""0,00"""
348,"0000000247 20/04/2018 20:01:00,36kb,""0,00"",0000000248,20/04/2018,20:22:28,203kb,,""0,00"""
349,"0000000249 20/04/2018 20:23:56,1429kb,""0,00"",0000000250,22/04/2018,20:32:29,929kb,,""0,00"""
350,"0000000251 23/04/2018 06:40:16,200kb,""0,00"",0000000252,23/04/2018,06:41:01,109kb,,""0,00"""
351,"0000000253 23/04/2018 07:13:33,200kb,""0,00"",0000000254,23/04/2018,08:03:46,978kb,,""0,00"""
352,"0000000255 23/04/2018 14:07:50,689kb,""0,00"",0000000256,23/04/2018,14:30:17,200kb,,""0,00"""
353,"0000000257 23/04/2018 14:35:46,378kb,""0,00"",0000000258,23/04/2018,15:13:28,200kb,,""0,00"""
354,"0000000259 23/04/2018 16:05:50,341kb,""0,00"",0000000260,23/04/2018,17:15:52,200kb,,""0,00"""
355,"0000000261 23/04/2018 17:48:18,1413kb,""0,00"",0000000262,24/04/2018,04:44:17,200kb,,""0,00"""
356,"0000000263 24/04/2018 06:30:05,1258kb,""0,00"",0000000264,24/04/2018,09:08:41,343kb,,""0,00"""
357,"0000000265 24/04/2018 09:59:25,200kb,""0,00"",0000000266,24/04/2018,10:31:44,777kb,,""0,00"""
358,"0000000267 24/04/2018 13:12:04,200kb,""0,00"",0000000268,24/04/2018,13:16:48,1250kb,,""0,00"""
359,"0000000269 24/04/2018 17:35:42,17515kb,""0,00"",0000000270,25/04/2018,06:48:02,248kb,,""0,00"""
360,"0000000271 25/04/2018 07:25:22,200kb,""0,00"",0000000272,25/04/2018,07:28:34,254kb,,""0,00"""
361,"0000000273 25/04/2018 08:19:24,200kb,""0,00"",0000000274,25/04/2018,08:44:46,474kb,,""0,00"""
362,"0000000275 25/04/2018 09:36:23,892kb,""0,00"",0000000276,25/04/2018,12:20:33,84kb,,""0,00"""
363,"0000000277 25/04/2018 12:48:26,200kb,""0,00"",0000000278,25/04/2018,12:50:55,1887kb,,""0,00"""
364,"0000000279 25/04/2018 15:14:51,200kb,""0,00"",0000000280,25/04/2018,15:20:29,474kb,,""0,00"""
365,"0000000281 25/04/2018 17:46:01,1512kb,""0,00"",0000000282,26/04/2018,06:37:15,200kb,,""0,00"""
366,"0000000283 26/04/2018 06:38:17,458kb,""0,00"",0000000284,26/04/2018,07:42:57,200kb,,""0,00"""
367,"0000000285 26/04/2018 07:44:42,409kb,""0,00"",0000000286,26/04/2018,08:20:01,200kb,,""0,00"""
368,"0000000287 26/04/2018 08:35:28,1044kb,""0,00"",0000000288,26/04/2018,09:10:55,200kb,,""0,00"""
369,"0000000289 26/04/2018 09:27:45,1270kb,""0,00"",0000000290,26/04/2018,10:00:29,453kb,,""0,00"""
370,"0000000291 26/04/2018 10:20:12,1126kb,""0,00"",0000000292,26/04/2018,13:38:57,200kb,,""0,00"""
371,"0000000293 26/04/2018 14:18:50,200kb,""0,00"",0000000294,26/04/2018,14:44:28,960kb,,""0,00"""
372,"0000000295 26/04/2018 18:19:02,200kb,""0,00"",0000000296,26/04/2018,18:21:01,1878kb,,""0,00"""
373,"0000000297 27/04/2018 06:47:46,317kb,""0,00"",0000000298,27/04/2018,08:25:08,827kb,,""0,00"""
374,"0000000299 27/04/2018 08:28:21,2251kb,""0,00"",0000000300,27/04/2018,17:27:20,121kb,,""0,00"""
375,"0000000301 28/04/2018 01:24:45,551kb,""0,00"",0000000302,28/04/2018,08:21:13,311kb,,""0,00"""
376,"0000000303 28/04/2018 09:07:41,392kb,""0,00"",0000000304,28/04/2018,09:32:59,200kb,,""0,00"""
377,"0000000305 28/04/2018 10:20:28,1512kb,""0,00"",0000000306,28/04/2018,13:36:48,72kb,,""0,00"""
378,"0000000307 28/04/2018 14:00:08,200kb,""0,00"",0000000308,28/04/2018,14:26:50,359kb,,""0,00"""
379,"0000000309 28/04/2018 16:35:43,63kb,""0,00"",0000000310,29/04/2018,08:16:33,875kb,,""0,00"""
380,"0000000311 29/04/2018 18:38:18,980kb,""0,00"",0000000312,30/04/2018,04:39:20,200kb,,""0,00"""
381,"0000000313 30/04/2018 06:31:51,240kb,""0,00"",0000000314,30/04/2018,08:10:15,359kb,,""0,00"""
382,"0000000315 30/04/2018 08:54:12,200kb,""0,00"",0000000316,30/04/2018,09:12:13,157kb,,""0,00"""
383,"0000000317 30/04/2018 09:33:02,200kb,""0,00"",0000000318,30/04/2018,10:01:46,281kb,,""0,00"""
384,"0000000319 30/04/2018 10:13:38,1222kb,""0,00"",0000000320,30/04/2018,11:13:16,23599kb,,""0,00"""
385,"0000000321 30/04/2018 11:48:16,6852kb,""0,00"",0000000322,30/04/2018,13:34:50,18886kb,,""0,00"""
386,"0000000323 30/04/2018 14:26:53,9548kb,""0,00"",0000000324,30/04/2018,18:08:17,19312kb,,""0,00"""
387,"0000000325 02/05/2018 08:13:38,1027kb,""0,00"",""00000TF0:90 -3 V2016.36 - 13_01820/50_B5IF/_2B0P_1C8T9PR0D8_S:33_803:22_32018015615011k46b12_PROD_0000_SAIDA_GAD - CLASSE: C - M0OD,E0L0O: E - REGRA: 5 - OBJ: 11759 - FOLHA: 8737"",,,,,"
388,"0000000327 02/05/2018 08:42:11,200kb,""0,00"",0000000328,02/05/2018,08:55:30,268kb,,""0,00"""
389,"0000000329 02/05/2018 09:30:13,895kb,""0,00"",0000000330,02/05/2018,09:54:56,200kb,,""0,00"""
390,"0000000331 02/05/2018 10:43:39,466kb,""0,00"",0000000332,02/05/2018,11:28:33,200kb,,""0,00"""
391,"0000000333 02/05/2018 12:29:07,260kb,""0,00"",0000000334,02/05/2018,13:15:49,200kb,,""0,00"""
392,"0000000335 02/05/2018 13:17:19,1259kb,""0,00"",0000000336,02/05/2018,18:32:17,200kb,,""0,00"""
393,"0000000337 02/05/2018 18:51:42,1105kb,""0,00"",0000000338,03/05/2018,06:42:33,110kb,,""0,00"""
394,"0000000339 03/05/2018 06:48:01,201kb,""0,00"",0000000340,03/05/2018,07:58:30,231kb,,""0,00"""
395,"0000000341 03/05/2018 08:02:10,874kb,""0,00"",0000000342,03/05/2018,09:09:32,200kb,,""0,00"""
396,"0000000343 03/05/2018 09:49:39,200kb,""0,00"",0000000344,03/05/2018,10:14:32,269kb,,""0,00"""
397,"0000000345 03/05/2018 10:45:56,322kb,""0,00"",0000000346,03/05/2018,13:42:04,200kb,,""0,00"""
398,"0000000347 03/05/2018 13:49:04,181kb,""0,00"",0000000348,03/05/2018,14:22:24,200kb,,""0,00"""
399,"0000000349 03/05/2018 14:28:10,912kb,""0,00"",0000000350,03/05/2018,17:38:53,17320kb,,""0,00"""
400,"0000000351 04/05/2018 01:44:00,418kb,""0,00"",0000000352,04/05/2018,07:24:39,1076kb,,""0,00"""
401,"0000000353 04/05/2018 09:17:30,200kb,""0,00"",0000000354,04/05/2018,09:50:59,798kb,,""0,00"""
402,"0000000355 04/05/2018 10:38:38,200kb,""0,00"",0000000356,04/05/2018,10:41:23,1248kb,,""0,00"""
403,"0000000357 04/05/2018 11:56:41,310kb,""0,00"",0000000358,04/05/2018,12:49:13,877kb,,""0,00"""
404,"0000000359 04/05/2018 14:04:55,200kb,""0,00"",0000000360,04/05/2018,14:05:32,2725kb,,""0,00"""
405,"0000000361 05/05/2018 07:41:31,200kb,""0,00"",0000000362,05/05/2018,07:59:14,89kb,,""0,00"""
406,"0000000363 05/05/2018 08:17:11,404kb,""0,00"",0000000364,05/05/2018,09:16:07,269kb,,""0,00"""
407,"0000000365 05/05/2018 10:49:00,217kb,""0,00"",0000000366,05/05/2018,12:32:18,200kb,,""0,00"""
408,"0000000367 05/05/2018 13:13:28,149kb,""0,00"",0000000368,05/05/2018,13:42:11,200kb,,""0,00"""
409,"0000000369 05/05/2018 15:00:04,66kb,""0,00"",0000000370,05/05/2018,15:18:52,4885kb,,""0,00"""
410,"0000000371 08/05/2018 07:54:40,200kb,""0,00"",0000000372,08/05/2018,08:01:05,765kb,,""0,00"""
411,"0000000373 08/05/2018 09:50:51,200kb,""0,00"",0000000374,08/05/2018,09:56:44,167kb,,""0,00"""
412,"MRO SERVICOS LOGISTICOS S.A.,,,,,,,,8/14"
413,"Data Hora Telefone,,Origem,,Duração,,Volume,Conteúdo,Valor (R$)"
414,"0000000375 08/05/2018 10:33:28 265kb,,""0,00 0000000376"",,08/05/2018 11:11:03,,200kb,,""0,00"""
415,"0000000377 08/05/2018 12:25:33 599kb,,""0,00 0000000378"",,08/05/2018 14:37:54,,126kb,,""0,00"""
416,"0000000379 08/05/2018 15:06:28 845kb,,""0,00 0000000380"",,08/05/2018 18:25:02,,880kb,,""0,00"""
417,"0000000381 09/05/2018 06:22:36 1552kb,,""0,00 0000000382"",,09/05/2018 08:43:47,,629kb,,""0,00"""
418,"0000000383 09/05/2018 09:19:28 200kb,,""0,00 0000000384"",,09/05/2018 10:04:21,,531kb,,""0,00"""
419,"0000000385 09/05/2018 11:05:48 200kb,,""0,00 0000000386"",,09/05/2018 11:48:59,,822kb,,""0,00"""
420,"0000000387 09/05/2018 13:54:02 200kb,,""0,00 0000000388"",,09/05/2018 14:26:47,,855kb,,""0,00"""
421,"0000000389 09/05/2018 14:47:34 200kb,,""0,00 0000000390"",,09/05/2018 15:10:57,,200kb,,""0,00"""
422,"0000000391 09/05/2018 15:15:43 788kb,,""0,00 0000000392"",,09/05/2018 17:29:29,,20841kb,,""0,00"""
423,"0000000393 10/05/2018 02:51:47 1974kb,,""0,00 0000000394"",,10/05/2018 09:31:39,,465kb,,""0,00"""
424,"0000000395 10/05/2018 10:07:07 200kb,,""0,00 0000000396"",,10/05/2018 10:09:14,,1227kb,,""0,00"""
425,"0000000397 10/05/2018 11:44:16 200kb,,""0,00 0000000398"",,10/05/2018 11:45:35,,1438kb,,""0,00"""
426,"0000000399 10/05/2018 15:25:47 1560kb,,""0,00 0000000400"",,10/05/2018 21:43:14,,200kb,,""0,00"""
427,"0000000401 10/05/2018 21:44:20 1568kb,,""0,00 0000000402"",,11/05/2018 08:22:48,,200kb,,""0,00"""
428,"0000000403 11/05/2018 08:52:01 200kb,,""0,00 0000000404"",,11/05/2018 09:09:35,,1061kb,,""0,00"""
429,"0000000405 11/05/2018 11:12:24 200kb,,""0,00 0000000406"",,11/05/2018 11:34:20,,392kb,,""0,00"""
430,"0000000407 11/05/2018 14:15:10 200kb,,""0,00 0000000408"",,11/05/2018 14:38:19,,40kb,,""0,00"""
431,"0000000409 11/05/2018 15:08:34 261kb,,""0,00 0000000410"",,11/05/2018 16:47:42,,200kb,,""0,00"""
432,"0000000411 11/05/2018 17:07:18 154kb,,""0,00 0000000412"",,11/05/2018 17:49:42,,1135kb,,""0,00"""
433,"0000000413 12/05/2018 06:37:38 410kb,,""0,00 0000000414"",,12/05/2018 07:43:34,,200kb,,""0,00"""
434,"0000000415 12/05/2018 07:53:53 42kb,,""0,00 0000000416"",,12/05/2018 07:59:43,,128kb,,""0,00"""
435,"0000000417 12/05/2018 09:30:31 903kb,,""0,00 0000000418"",,12/05/2018 13:54:44,,529kb,,""0,00"""
436,"0000000419 12/05/2018 16:59:57 473kb,,""0,00"",,,,,,"
437,"Tudo que você usou em Tráfego de Internet 271437kb,,,,,,,,""0,00"""
438,"Tudo que você usou em Internet Móvel,,,,,,,,""0,00"""
439,"Volume Total: 271437kb,,,,,,,,"
440,"Tudo que você usou em Mensagens/Internet Móvel,,,,,,,,""0,00"""
441,"LIGAÇÕES DE LONGA DISTÂNCIA,,,,,,,,"
442,"Data Hora Telefone,,Origem,,Destino,,Duração,Horário,Valor (R$)"
443,"Ligações de longa distância com a Oi,,,,,,,,"
444,"Ligações que você fez,,,,,,,,"
445,"0000000420 20/04/2018 13:22:35 21980020016,,PA COD AREA 93,,RJ COD AREA 21,,00:02:06,Normal,""0,00"""
446,"0000000421 23/04/2018 14:13:59 98981196333,,PA COD AREA 93,,MA COD AREA 98,,00:01:06,Normal,""0,00"""
447,"0000000422 23/04/2018 14:34:15 31992329563,,PA COD AREA 93,,MG COD AREA 31,,00:00:48,Normal,""0,00"""
448,"0000000423 23/04/2018 14:38:17 96991699613,,PA COD AREA 93,,AP COD AREA 96,,00:01:18,Normal,""0,00"""
449,"0000000424 23/04/2018 14:53:33 69993165647,,PA COD AREA 93,,RO COD AREA 69,,00:01:24,Normal,""0,00"""
450,"0000000425 24/04/2018 08:20:45 75991115134,,PA COD AREA 93,,BA COD AREA 75,,00:01:06,Normal,""0,00"""
451,"0000000426 24/04/2018 14:11:23 12988408795,,PA COD AREA 93,,SP COD AREA 12,,00:01:24,Normal,""0,00"""
452,"0000000427 25/04/2018 13:31:21 75992385352,,PA COD AREA 93,,BA COD AREA 75,,00:01:36,Normal,""0,00"""
453,"0000000428 25/04/2018 13:37:04 75991115134,,PA COD AREA 93,,BA COD AREA 75,,00:01:42,Normal,""0,00"""
454,"0000000429 25/04/2018 13:56:00 71992653788,,PA COD AREA 93,,BA COD AREA 71,,00:02:24,Normal,""0,00"""
455,"0000000430 25/04/2018 14:09:43 69993165647,,PA COD AREA 93,,RO COD AREA 69,,00:01:12,Normal,""0,00"""
456,"0000000431 25/04/2018 14:12:43 75992385352,,PA COD AREA 93,,BA COD AREA 75,,00:01:18,Normal,""0,00"""
457,"0000000432 25/04/2018 14:26:54 98981196333,,PA COD AREA 93,,MA COD AREA 98,,00:01:42,Normal,""0,00"""
458,"0000000433 25/04/2018 14:37:38 91992665461,,PA COD AREA 93,,PA COD AREA 91,,00:01:48,Normal,""0,00"""
459,"0000000434 26/04/2018 09:06:20 75991115134,,PA COD AREA 93,,BA COD AREA 75,,00:00:36,Normal,""0,00"""
460,"0000000435 26/04/2018 09:07:21 75991115134,,PA COD AREA 93,,BA COD AREA 75,,00:02:12,Normal,""0,00"""
461,"0000000436 26/04/2018 09:29:11 75991115134,,PA COD AREA 93,,BA COD AREA 75,,00:03:06,Normal,""0,00"""
462,"0000000437 26/04/2018 09:41:44 71992653788,,PA COD AREA 93,,BA COD AREA 71,,00:00:42,Normal,""0,00"""
463,"0000000438 26/04/2018 09:43:39 98981196333,,PA COD AREA 93,,MA COD AREA 98,,00:04:12,Normal,""0,00"""
464,"0000000439 26/04/2018 09:48:47 71992653788,,PA COD AREA 93,,BA COD AREA 71,,00:02:48,Normal,""0,00"""
465,"0000000440 26/04/2018 09:52:10 75992385352,,PA COD AREA 93,,BA COD AREA 75,,00:00:30,Normal,""0,00"""
466,"0000000441 26/04/2018 09:53:59 75992385352,,PA COD AREA 93,,BA COD AREA 75,,00:01:18,Normal,""0,00"""
467,"0000000442 26/04/2018 10:53:41 2131259826,,PA COD AREA 93,,RJ RIO DE JANEI,,00:00:42,Normal,""0,00"""
468,"0000000443 26/04/2018 10:54:36 2131259826,,PA COD AREA 93,,RJ RIO DE JANEI,,00:01:18,Normal,""0,00"""
469,"0000000444 26/04/2018 11:24:42 2131259826,,PA COD AREA 93,,RJ RIO DE JANEI,,00:00:36,Normal,""0,00"""
470,"0000000445 26/04/2018 11:25:55 2131259826,,PA COD AREA 93,,RJ RIO DE JANEI,,00:03:54,Normal,""0,00"""
471,"0000000446 28/04/2018 08:52:37 71992653788,,PA COD AREA 93,,BA COD AREA 71,,00:01:54,Normal,""0,00"""
472,"0000000447 28/04/2018 11:23:28 71992653788,,PA COD AREA 93,,BA COD AREA 71,,00:00:36,Normal,""0,00"""
473,"0000000448 28/04/2018 11:24:40 75992385352,,PA COD AREA 93,,BA COD AREA 75,,00:00:42,Normal,""0,00"""
474,"0000000449 28/04/2018 11:28:53 75991115134,,PA COD AREA 93,,BA COD AREA 75,,00:00:36,Normal,""0,00"""
475,"0000000450 28/04/2018 11:34:20 98981196333,,PA COD AREA 93,,MA COD AREA 98,,00:01:30,Normal,""0,00"""
476,"0000000451 30/04/2018 08:54:58 96991699613,,PA COD AREA 93,,AP COD AREA 96,,00:02:42,Normal,""0,00"""
477,"0000000452 30/04/2018 09:20:51 96991699613,,PA COD AREA 93,,AP COD AREA 96,,00:00:30,Normal,""0,00"""
478,"0000000453 30/04/2018 09:57:54 98981196333,,AP COD AREA 96,,MA COD AREA 98,,00:03:48,Normal,""0,00"""
479,"0000000454 30/04/2018 10:47:11 71992653788,,PA COD AREA 93,,BA COD AREA 71,,00:01:42,Normal,""0,00"""
480,"0000000455 30/04/2018 10:51:53 75991115134,,PA COD AREA 93,,BA COD AREA 75,,00:00:42,Normal,""0,00"""
481,"0000000456 30/04/2018 11:37:29 71992653788,,PA COD AREA 93,,BA COD AREA 71,,00:01:00,Normal,""0,00"""
482,"0000000457 30/04/2018 13:41:21 96991699613,,PA COD AREA 93,,AP COD AREA 96,,00:00:42,Normal,""0,00"""
483,"0000000458 02/05/2018 09:30:43 98981196333,,PA COD AREA 93,,MA COD AREA 98,,00:03:12,Normal,""0,00"""
484,"0000000459 02/05/2018 13:13:03 49988292230,,PA COD AREA 93,,SC COD AREA 49,,00:01:24,Normal,""0,00"""
485,"0000000460 04/05/2018 09:49:45 71992653788,,PA COD AREA 93,,BA COD AREA 71,,00:01:12,Normal,""0,00"""
486,"0000000461 04/05/2018 10:29:20 98981196333,,PA COD AREA 93,,MA COD AREA 98,,00:00:36,Normal,""0,00"""
487,"0000000462 04/05/2018 10:35:19 75991115134,,PA COD AREA 93,,BA COD AREA 75,,00:01:42,Normal,""0,00"""
488,"0000000463 04/05/2018 10:52:20 75991115134,,PA COD AREA 93,,BA COD AREA 75,,00:00:48,Normal,""0,00"""
489,"0000000464 04/05/2018 10:57:15 96991699613,,PA COD AREA 93,,AP COD AREA 96,,00:01:00,Normal,""0,00"""
490,"MRO SERVICOS LOGISTICOS S.A.,,,,,,9/14"
491,"Data Hora Telefone,,Origem,Destino,Duração,Horário,Valor (R$)"
492,"0000000465 08/05/2018 13:52:33 12988408795,,PA COD AREA 93,SP COD AREA 12,00:00:30,Normal,""0,00"""
493,"0000000466 09/05/2018 08:18:30 71992653788,,PA COD AREA 93,BA COD AREA 71,00:01:30,Normal,""0,00"""
494,"0000000467 09/05/2018 08:41:29 96991699613,,PA COD AREA 93,AP COD AREA 96,00:02:12,Normal,""0,00"""
495,"0000000468 09/05/2018 09:07:29 2131259833,,PA COD AREA 93,RJ RIO DE JANEI,00:05:24,Normal,""0,00"""
496,"0000000469 09/05/2018 10:05:16 91993402955,,PA COD AREA 93,PA COD AREA 91,00:01:30,Normal,""0,00"""
497,"0000000470 09/05/2018 10:39:23 2131259833,,PA COD AREA 93,RJ RIO DE JANEI,00:00:30,Normal,""0,00"""
498,"0000000471 09/05/2018 10:57:11 2131259833,,PA COD AREA 93,RJ RIO DE JANEI,00:00:42,Normal,""0,00"""
499,"0000000472 09/05/2018 11:35:52 2131259833,,PA COD AREA 93,RJ RIO DE JANEI,00:00:30,Normal,""0,00"""
500,"0000000473 09/05/2018 11:45:56 2131259833,,PA COD AREA 93,RJ RIO DE JANEI,00:03:00,Normal,""0,00"""
501,"0000000474 09/05/2018 13:32:02 96991699613,,PA COD AREA 93,AP COD AREA 96,00:02:54,Normal,""0,00"""
502,"0000000475 09/05/2018 14:38:49 75991115134,,PA COD AREA 93,BA COD AREA 75,00:02:06,Normal,""0,00"""
503,"0000000476 09/05/2018 15:01:04 75991115134,,PA COD AREA 93,BA COD AREA 75,00:01:36,Normal,""0,00"""
504,"0000000477 10/05/2018 08:05:31 2131259833,,PA COD AREA 93,RJ RIO DE JANEI,00:00:30,Normal,""0,00"""
505,"0000000478 10/05/2018 08:58:53 2131259833,,PA COD AREA 93,RJ RIO DE JANEI,00:00:30,Normal,""0,00"""
506,"0000000479 10/05/2018 08:59:30 2131259833,,PA COD AREA 93,RJ RIO DE JANEI,00:10:24,Normal,""0,00"""
507,"0000000480 10/05/2018 10:05:12 91987310169,,PA COD AREA 93,PA COD AREA 91,00:00:42,Normal,""0,00"""
508,"0000000481 10/05/2018 10:10:05 91980576457,,AP COD AREA 96,PA COD AREA 91,00:01:06,Normal,""0,00"""
509,"0000000482 10/05/2018 10:12:07 91988721080,,PA COD AREA 93,PA COD AREA 91,00:01:48,Normal,""0,00"""
510,"0000000483 10/05/2018 11:46:06 75991115134,,PA COD AREA 93,BA COD AREA 75,00:00:42,Normal,""0,00"""
511,"0000000484 10/05/2018 11:47:26 91988721080,,PA COD AREA 93,PA COD AREA 91,00:00:30,Normal,""0,00"""
512,"0000000485 10/05/2018 11:49:53 91988721080,,PA COD AREA 93,PA COD AREA 91,00:00:36,Normal,""0,00"""
513,"Duração Total,,,,01:48:18,,"
514,"Total de ligações feitas,,,,,,""0,00"""
515,"Total de ligações de longa distância,,,,,,""0,00"""
516,"Tudo que você usou em Ligações de Longa Distância,,,,,,""0,00"""
517,"CRÉDITOS DIVERSOS,,,,,,"
518,"Créditos Diversos,,,,,,"
519,"0000000486 Franquia Oi Dados,,,,,,"
520,"Fim do demonstrativo Oi: 93 99952 8161,,,,,,""75,77"""
521,""""",,,TF:9 - V01.36 - 13_1805_BIF_BP_CT9PRD_S3_032_20180515114612_PROD_0000_SAIDA_GAD - CLASSE: C - MODELO: E - REGRA: 5 - OBJ: 11759 - FOLHA: 8738,,,"
522,"MRO SERVICOS LOGISTICOS S.A.,,,,10/14"
523,"Oi Empresa Especial,,,,"
524,"PLANO 0000000487,,,,""75,77"""
525,"Cobrança proporcional do plano 10/04/2018 a 13/05/2018,,,,"
526,"""Componente 137 Oi Mais : CELULAR 75,00 SVA"",,,,"
527,"Subtotal do plano,,,,""75,77"""
528,"NÚMERO (93) 99952-9516,,,,"
529,"TOTAL DO PLANO,,,,""75,77"""
530,"Total da Fatura,,,,""75,77"""
531,"DETALHAMENTO DO USO: (93) 99952-9516,,,,"
532,"LIGAÇÕES LOCAIS,,,,"
533,"Data Hora Telefone,Origem Destino,Duração,Horário,Valor (R$)"
534,"Ligações de Oi para Oi,,,,"
535,"0000000488 17/04/2018 15:29:06 93999528735,VITORIA XINGU PA COD. AREA 93,00:01:12,2a a 6a,""0,00"""
536,"0000000489 17/04/2018 17:50:12 93988121172,ALTAMIRA PA COD. AREA 93,00:01:12,2a a 6a,""0,00"""
537,"0000000490 18/04/2018 09:00:12 93999541392,VITORIA XINGU PA COD. AREA 93,00:00:30,2a a 6a,""0,00"""
538,"0000000491 18/04/2018 09:31:17 93999545161,VITORIA XINGU PA COD. AREA 93,00:00:36,2a a 6a,""0,00"""
539,"0000000492 18/04/2018 11:01:07 93988121172,VITORIA XINGU PA COD. AREA 93,00:00:30,2a a 6a,""0,00"""
540,"0000000493 20/04/2018 08:43:36 93999526136,VITORIA XINGU PA COD. AREA 93,00:00:42,2a a 6a,""0,00"""
541,"0000000494 20/04/2018 09:29:36 93999525698,VITORIA XINGU PA COD. AREA 93,00:00:54,2a a 6a,""0,00"""
542,"0000000495 20/04/2018 09:34:07 93988076200,VITORIA XINGU PA COD. AREA 93,00:00:30,2a a 6a,""0,00"""
543,"0000000496 20/04/2018 12:06:06 93999529032,VITORIA XINGU PA COD. AREA 93,00:00:36,2a a 6a,""0,00"""
544,"0000000497 23/04/2018 08:11:39 93999528192,VITORIA XINGU PA COD. AREA 93,00:00:30,2a a 6a,""0,00"""
545,"0000000498 23/04/2018 08:56:27 93988076200,VITORIA XINGU PA COD. AREA 93,00:01:00,2a a 6a,""0,00"""
546,"0000000499 24/04/2018 10:03:06 93999526102,VITORIA XINGU PA COD. AREA 93,00:01:24,2a a 6a,""0,00"""
547,"0000000500 24/04/2018 10:14:41 93999541392,VITORIA XINGU PA COD. AREA 93,00:00:30,2a a 6a,""0,00"""
548,"0000000501 24/04/2018 10:17:19 93999780771,VITORIA XINGU PA COD. AREA 93,00:00:30,2a a 6a,""0,00"""
549,"0000000502 24/04/2018 14:32:07 93999046713,VITORIA XINGU PA COD. AREA 93,00:07:48,2a a 6a,""0,00"""
550,"0000000503 24/04/2018 15:16:55 93999046713,VITORIA XINGU PA COD. AREA 93,00:03:18,2a a 6a,""0,00"""
551,"0000000504 24/04/2018 15:48:19 93988092053,VITORIA XINGU PA COD. AREA 93,00:00:42,2a a 6a,""0,00"""
552,"0000000505 26/04/2018 21:49:14 93999046713,VITORIA XINGU PA COD. AREA 93,00:02:06,2a a 6a,""0,00"""
553,"0000000506 27/04/2018 08:04:10 93999525698,VITORIA XINGU PA COD. AREA 93,00:00:36,2a a 6a,""0,00"""
554,"0000000507 27/04/2018 10:05:10 93999044899,VITORIA XINGU PA COD. AREA 93,00:01:00,2a a 6a,""0,00"""
555,"0000000508 27/04/2018 11:36:37 93988076200,VITORIA XINGU PA COD. AREA 93,00:00:30,2a a 6a,""0,00"""
556,"0000000509 27/04/2018 17:18:42 93999541392,VITORIA XINGU PA COD. AREA 93,00:00:42,2a a 6a,""0,00"""
557,"0000000510 28/04/2018 11:44:42 93988076200,VITORIA XINGU PA COD. AREA 93,00:00:30,Sáb/Dom,""0,00"""
558,"0000000511 28/04/2018 14:01:04 93988076200,VITORIA XINGU PA COD. AREA 93,00:00:54,Sáb/Dom,""0,00"""
559,"0000000512 30/04/2018 12:00:38 93988076200,VITORIA XINGU PA COD. AREA 93,00:00:30,2a a 6a,""0,00"""
560,"0000000513 30/04/2018 19:39:10 93999541392,VITORIA XINGU PA COD. AREA 93,00:00:30,2a a 6a,""0,00"""
561,"0000000514 02/05/2018 10:52:31 93999526851,VITORIA XINGU PA COD. AREA 93,00:02:12,2a a 6a,""0,00"""
562,"0000000515 03/05/2018 08:27:01 93999525983,VITORIA XINGU PA COD. AREA 93,00:03:00,2a a 6a,""0,00"""
563,"0000000516 03/05/2018 08:30:48 93999541392,VITORIA XINGU PA COD. AREA 93,00:00:30,2a a 6a,""0,00"""
564,"0000000517 03/05/2018 09:05:34 93999046713,VITORIA XINGU PA COD. AREA 93,00:00:36,2a a 6a,""0,00"""
565,"0000000518 03/05/2018 13:31:48 93988076200,VITORIA XINGU PA COD. AREA 93,00:00:30,2a a 6a,""0,00"""
566,"0000000519 03/05/2018 13:34:52 93988076200,VITORIA XINGU PA COD. AREA 93,00:00:30,2a a 6a,""0,00"""
567,"0000000520 04/05/2018 07:09:42 93999525698,VITORIA XINGU PA COD. AREA 93,00:00:54,2a a 6a,""0,00"""
568,"0000000521 04/05/2018 07:45:10 93988076200,VITORIA XINGU PA COD. AREA 93,00:00:30,2a a 6a,""0,00"""
569,"0000000522 04/05/2018 08:58:54 93999024738,VITORIA XINGU PA COD. AREA 93,00:01:06,2a a 6a,""0,00"""
570,"0000000523 04/05/2018 10:11:41 93996559911,VITORIA XINGU PA COD. AREA 93,00:00:30,2a a 6a,""0,00"""
571,"0000000524 04/05/2018 12:57:23 93999528192,VITORIA XINGU PA COD. AREA 93,00:00:30,2a a 6a,""0,00"""
572,"0000000525 04/05/2018 13:33:12 93999525698,VITORIA XINGU PA COD. AREA 93,00:01:18,2a a 6a,""0,00"""
573,"0000000526 04/05/2018 14:40:35 93999541392,VITORIA XINGU PA COD. AREA 93,00:00:30,2a a 6a,""0,00"""
574,"0000000527 08/05/2018 09:10:04 93999528192,VITORIA XINGU PA COD. AREA 93,00:00:30,2a a 6a,""0,00"""
575,"0000000528 08/05/2018 09:11:49 93999541392,VITORIA XINGU PA COD. AREA 93,00:00:30,2a a 6a,""0,00"""
576,"0000000529 08/05/2018 09:25:23 93999541392,VITORIA XINGU PA COD. AREA 93,00:00:30,2a a 6a,""0,00"""
577,"0000000530 08/05/2018 09:54:56 93999528192,VITORIA XINGU PA COD. AREA 93,00:00:30,2a a 6a,""0,00"""
578,"0000000531 08/05/2018 10:24:14 93988076200,VITORIA XINGU PA COD. AREA 93,00:00:36,2a a 6a,""0,00"""
579,"0000000532 08/05/2018 11:08:41 93999529032,VITORIA XINGU PA COD. AREA 93,00:00:30,2a a 6a,""0,00"""
580,"0000000533 09/05/2018 08:21:15 93999525970,VITORIA XINGU PA COD. AREA 93,00:00:48,2a a 6a,""0,00"""
581,"0000000534 09/05/2018 10:36:02 93988076200,VITORIA XINGU PA COD. AREA 93,00:00:30,2a a 6a,""0,00"""
582,"0000000535 09/05/2018 14:14:34 93999541392,VITORIA XINGU PA COD. AREA 93,00:00:36,2a a 6a,""0,00"""
583,"0000000536 09/05/2018 15:12:52 93988076200,VITORIA XINGU PA COD. AREA 93,00:00:30,2a a 6a,""0,00"""
584,"0000000537 09/05/2018 19:28:47 93999541392,VITORIA XINGU PA COD. AREA 93,00:00:30,2a a 6a,""0,00"""
585,"0000000538 10/05/2018 13:42:47 93988076200,VITORIA XINGU PA COD. AREA 93,00:00:30,2a a 6a,""0,00"""
586,"0000000539 10/05/2018 14:03:31 93999541392,VITORIA XINGU PA COD. AREA 93,00:00:30,2a a 6a,""0,00"""
587,"0000000540 10/05/2018 14:09:14 93999528192,VITORIA XINGU PA COD. AREA 93,00:00:30,2a a 6a,""0,00"""
588,"0000000541 11/05/2018 08:56:37 93988076200,VITORIA XINGU PA COD. AREA 93,00:00:30,2a a 6a,""0,00"""
589,"0000000542 11/05/2018 10:20:46 93988076200,VITORIA XINGU PA COD. AREA 93,00:00:36,2a a 6a,""0,00"""
590,"0000000543 11/05/2018 12:30:26 93988076200,VITORIA XINGU PA COD. AREA 93,00:00:30,2a a 6a,""0,00"""
591,"Duração Total,,00:51:24,,"
592,"Ligações de Oi para Fixo,,,,"
593,"0000000544 12/04/2018 14:02:05 2131259849,RIO DE JANEIRO RJ RIO DE JANEI,00:54:18,2a a 6a,""0,00"""
594,"Duração Total,,00:54:18,,"
595,"Ligações de Oi para outros celulares,,,,"
596,"MRO SERVICOS LOGISTICOS S.A.,,,,,,11/14"
597,"Data Hora Telefone,,Origem,Destino,Duração Horário,,Valor (R$)"
598,"0000000545 20/04/2018 12:11:18 93991272649,,VITORIA XINGU,PA COD. AREA 93,00:06:30 2a a 6a,,""0,00"""
599,"0000000546 09/05/2018 14:15:55 93992315759,,VITORIA XINGU,PA COD. AREA 93,00:03:00 2a a 6a,,""0,00"""
600,"Duração Total,,,,00:09:30,,"
601,"Tudo que você usou em Ligações Locais,,,,,,""0,00"""
602,"LIGAÇÕES LOCAIS OI EMPRESA +,,,,,,"
603,"Data Hora Telefone,,Origem,Destino,Duração Horário,,Valor (R$)"
604,"Ligações de Oi para Oi,,,,,,"
605,"0000000547 24/04/2018 16:25:56 93999528161,,VITORIA XINGU,PA COD. AREA 93,00:02:06 2a a 6a,,""0,00"""
606,"Tudo que você usou em Ligações Locais Oi Empresa +,,,,,,""0,00"""
607,"MENSAGENS/INTERNET MÓVEL,,,,,,"
608,"Data Hora Telefone,,Valor R$,Data Hora,Telefone,,Valor R$"
609,"Uso de Mensagens dentro da área Oi,,,,,,"
610,"Oi Torpedo,,,,,,"
611,"0000000548 27/04/2018 10:21:07 93999044899,,""0,00 0000000549"",04/05/2018 08:58:23,31985153384,,""0,00"""
612,"Tudo que você usou em Mensagens,,,,,,""0,00"""
613,"Total de Torpedos: 2,,,,,,"
614,"Data Hora Telefone,,Origem,Duração,Volume Conteúdo,,Valor (R$)"
615,"Uso de Internet Móvel dentro da área Oi,,,,,,"
616,"Tráfego de Internet,,,,,,"
617,"0000000550 11/04/2018 20:15:56 99793kb,,""0,00 0000000551"",11/04/2018 21:53:36,27307kb,,""0,00"""
618,"0000000552 12/04/2018 05:38:47 95kb,,""0,00 0000000553"",12/04/2018 05:54:17,140kb,,""0,00"""
619,"0000000554 12/04/2018 06:10:21 72kb,,""0,00 0000000555"",12/04/2018 06:17:19,21kb,,""0,00"""
620,"0000000556 12/04/2018 06:26:02 28kb,,""0,00 0000000557"",12/04/2018 06:43:50,0kb,,""0,00"""
621,"0000000558 12/04/2018 06:50:07 11kb,,""0,00 0000000559"",12/04/2018 06:50:17,125kb,,""0,00"""
622,"0000000560 12/04/2018 06:50:21 200kb,,""0,00 0000000561"",12/04/2018 07:05:01,272kb,,""0,00"""
623,"0000000562 12/04/2018 07:39:15 200kb,,""0,00 0000000563"",12/04/2018 07:43:19,112kb,,""0,00"""
624,"0000000564 12/04/2018 07:47:54 1kb,,""0,00 0000000565"",12/04/2018 14:56:38,72kb,,""0,00"""
625,"0000000566 12/04/2018 14:57:34 200kb,,""0,00 0000000567"",12/04/2018 15:02:27,40kb,,""0,00"""
626,"0000000568 12/04/2018 15:06:54 200kb,,""0,00 0000000569"",12/04/2018 16:50:12,2kb,,""0,00"""
627,"0000000570 12/04/2018 16:53:35 2kb,,""0,00 0000000571"",12/04/2018 16:56:56,200kb,,""0,00"""
628,"0000000572 12/04/2018 16:58:31 2kb,,""0,00 0000000573"",12/04/2018 17:12:55,30kb,,""0,00"""
629,"0000000574 12/04/2018 17:22:52 222kb,,""0,00 0000000575"",12/04/2018 17:37:24,200kb,,""0,00"""
630,"0000000576 12/04/2018 17:52:16 89kb,,""0,00 0000000577"",12/04/2018 18:00:05,200kb,,""0,00"""
631,"0000000578 12/04/2018 18:02:18 12kb,,""0,00 0000000579"",12/04/2018 18:04:38,0kb,,""0,00"""
632,"0000000580 12/04/2018 18:09:24 14886kb,,""0,00 0000000581"",13/04/2018 00:10:24,2kb,,""0,00"""
633,"0000000582 13/04/2018 00:33:06 2186kb,,""0,00 0000000583"",13/04/2018 05:38:44,46kb,,""0,00"""
634,"0000000584 13/04/2018 05:54:38 0kb,,""0,00 0000000585"",13/04/2018 06:04:06,200kb,,""0,00"""
635,"0000000586 13/04/2018 06:09:14 8kb,,""0,00 0000000587"",13/04/2018 07:19:00,2kb,,""0,00"""
636,"0000000588 13/04/2018 07:20:16 200kb,,""0,00 0000000589"",13/04/2018 07:21:09,35kb,,""0,00"""
637,"0000000590 14/04/2018 13:28:38 1111kb,,""0,00 0000000591"",14/04/2018 13:35:05,22kb,,""0,00"""
638,"0000000592 17/04/2018 07:25:09 1415kb,,""0,00 0000000593"",17/04/2018 07:50:57,632kb,,""0,00"""
639,"0000000594 17/04/2018 08:21:08 78kb,,""0,00 0000000595"",17/04/2018 08:34:47,500kb,,""0,00"""
640,"0000000596 17/04/2018 09:55:23 37kb,,""0,00 0000000597"",17/04/2018 10:51:37,124kb,,""0,00"""
641,"0000000598 17/04/2018 11:21:45 200kb,,""0,00 0000000599"",17/04/2018 12:00:59,307kb,,""0,00"""
642,"0000000600 17/04/2018 13:13:26 200kb,,""0,00 0000000601"",17/04/2018 14:15:23,28kb,,""0,00"""
643,"0000000602 17/04/2018 14:50:14 69kb,,""0,00 0000000603"",17/04/2018 15:46:13,6kb,,""0,00"""
644,"0000000604 17/04/2018 15:58:14 200kb,,""0,00 0000000605"",17/04/2018 16:29:26,0kb,,""0,00"""
645,"0000000606 17/04/2018 16:32:42 242kb,,""0,00 0000000607"",17/04/2018 17:04:24,0kb,,""0,00"""
646,"0000000608 17/04/2018 17:10:19 165kb,,""0,00 0000000609"",17/04/2018 17:52:10,17kb,,""0,00"""
647,""""",,TF:9 - V01.36 - 13_1805_BIF_BP_CT9PRD_S3_032_20180515114612_PROD_0000_SAIDA_GAD - CLASSE: C - MODELO: E - REGRA: 5 - OBJ: 11759 - FOLHA: 8739,,,,"
648,"0000000610 17/04/2018 18:06:02 0kb,,""0,00 0000000611"",17/04/2018 18:11:10,6126kb,,""0,00"""
649,"0000000612 17/04/2018 18:22:48 65kb,,""0,00 0000000613"",17/04/2018 18:27:14,18kb,,""0,00"""
650,"0000000614 17/04/2018 19:26:55 200kb,,""0,00 0000000615"",17/04/2018 19:31:48,8kb,,""0,00"""
651,"0000000616 17/04/2018 20:25:38 200kb,,""0,00 0000000617"",17/04/2018 20:27:30,14kb,,""0,00"""
652,"0000000618 17/04/2018 20:40:59 264kb,,""0,00 0000000619"",18/04/2018 03:46:02,844kb,,""0,00"""
653,"0000000620 18/04/2018 07:53:23 60kb,,""0,00 0000000621"",18/04/2018 07:59:10,200kb,,""0,00"""
654,"0000000622 18/04/2018 08:47:58 465kb,,""0,00 0000000623"",18/04/2018 08:57:46,940kb,,""0,00"""
655,"0000000624 18/04/2018 09:51:02 208kb,,""0,00 0000000625"",18/04/2018 12:35:23,124kb,,""0,00"""
656,"0000000626 18/04/2018 14:30:42 23kb,,""0,00 0000000627"",18/04/2018 15:26:41,126kb,,""0,00"""
657,"0000000628 18/04/2018 16:42:17 200kb,,""0,00 0000000629"",18/04/2018 17:14:50,44kb,,""0,00"""
658,"0000000630 18/04/2018 17:47:42 1519kb,,""0,00 0000000631"",19/04/2018 06:44:50,16kb,,""0,00"""
659,"0000000632 19/04/2018 06:48:38 6kb,,""0,00 0000000633"",19/04/2018 07:06:39,200kb,,""0,00"""
660,"0000000634 19/04/2018 08:03:15 229kb,,""0,00 0000000635"",19/04/2018 09:13:04,8kb,,""0,00"""
661,"0000000636 19/04/2018 09:28:07 121kb,,""0,00 0000000637"",19/04/2018 11:04:32,200kb,,""0,00"""
662,"0000000638 19/04/2018 11:33:21 608kb,,""0,00 0000000639"",19/04/2018 13:29:10,200kb,,""0,00"""
663,"0000000640 19/04/2018 15:46:54 35kb,,""0,00 0000000641"",19/04/2018 16:36:23,200kb,,""0,00"""
664,"0000000642 19/04/2018 17:29:30 4kb,,""0,00 0000000643"",19/04/2018 17:39:34,14688kb,,""0,00"""
665,"0000000644 19/04/2018 22:14:44 682kb,,""0,00 0000000645"",20/04/2018 06:44:15,920kb,,""0,00"""
666,"0000000646 20/04/2018 08:48:12 200kb,,""0,00 0000000647"",20/04/2018 09:11:17,58kb,,""0,00"""
667,"0000000648 20/04/2018 09:35:00 200kb,,""0,00 0000000649"",20/04/2018 10:21:35,15kb,,""0,00"""
668,"0000000650 20/04/2018 10:50:32 230kb,,""0,00 0000000651"",20/04/2018 12:25:09,29kb,,""0,00"""
669,"0000000652 20/04/2018 13:14:34 66kb,,""0,00 0000000653"",20/04/2018 14:47:25,201kb,,""0,00"""
670,"0000000654 20/04/2018 15:53:40 6kb,,""0,00 0000000655"",20/04/2018 15:57:43,200kb,,""0,00"""
671,"0000000656 20/04/2018 16:45:46 114kb,,""0,00 0000000657"",22/04/2018 21:05:16,1089kb,,""0,00"""
672,"MRO SERVICOS LOGISTICOS S.A.,,,,,,,,12/14"
673,"Data Hora,Telefone,Origem,,Duração,,Volume,Conteúdo,Valor (R$)"
674,"0000000658 23/04/2018 06:02:03,200kb,""0,00"",0000000659,23/04/2018,06:35:24,15kb,,""0,00"""
675,"0000000660 23/04/2018 06:45:13,109kb,""0,00"",0000000661,23/04/2018,07:54:01,200kb,,""0,00"""
676,"0000000662 23/04/2018 08:20:00,11kb,""0,00"",0000000663,23/04/2018,08:57:37,57kb,,""0,00"""
677,"0000000664 23/04/2018 09:54:57,15kb,""0,00"",0000000665,23/04/2018,10:02:31,200kb,,""0,00"""
678,"0000000666 23/04/2018 10:47:52,200kb,""0,00"",0000000667,23/04/2018,11:16:58,59kb,,""0,00"""
679,"0000000668 23/04/2018 12:31:25,117kb,""0,00"",0000000669,23/04/2018,14:08:36,200kb,,""0,00"""
680,"0000000670 23/04/2018 14:22:33,71kb,""0,00"",0000000671,23/04/2018,16:03:48,65kb,,""0,00"""
681,"0000000672 23/04/2018 17:41:30,200kb,""0,00"",0000000673,23/04/2018,18:48:24,1546kb,,""0,00"""
682,"0000000674 24/04/2018 06:29:49,2kb,""0,00"",0000000675,24/04/2018,06:34:16,144kb,,""0,00"""
683,"0000000676 24/04/2018 07:30:03,200kb,""0,00"",0000000677,24/04/2018,07:47:53,215kb,,""0,00"""
684,"0000000678 24/04/2018 08:47:53,200kb,""0,00"",0000000679,24/04/2018,09:24:10,308kb,,""0,00"""
685,"0000000680 24/04/2018 10:04:51,200kb,""0,00"",0000000681,24/04/2018,10:15:12,200kb,,""0,00"""
686,"0000000682 24/04/2018 10:56:45,200kb,""0,00"",0000000683,24/04/2018,12:30:02,63kb,,""0,00"""
687,"0000000684 24/04/2018 12:53:31,200kb,""0,00"",0000000685,24/04/2018,12:54:31,5kb,,""0,00"""
688,"0000000686 24/04/2018 13:17:56,70kb,""0,00"",0000000687,24/04/2018,14:50:48,200kb,,""0,00"""
689,"0000000688 24/04/2018 15:27:55,2kb,""0,00"",0000000689,24/04/2018,15:47:15,359kb,,""0,00"""
690,"0000000690 24/04/2018 16:28:17,14kb,""0,00"",0000000691,24/04/2018,16:28:38,200kb,,""0,00"""
691,"0000000692 24/04/2018 17:03:46,10kb,""0,00"",0000000693,24/04/2018,17:49:39,44kb,,""0,00"""
692,"0000000694 24/04/2018 18:12:11,200kb,""0,00"",0000000695,24/04/2018,18:48:28,200kb,,""0,00"""
693,"0000000696 24/04/2018 19:05:47,5kb,""0,00"",0000000697,24/04/2018,19:26:08,13368kb,,""0,00"""
694,"0000000698 25/04/2018 06:34:53,9kb,""0,00"",0000000699,25/04/2018,06:44:18,200kb,,""0,00"""
695,"0000000700 25/04/2018 06:59:13,114kb,""0,00"",0000000701,25/04/2018,08:51:41,200kb,,""0,00"""
696,"0000000702 25/04/2018 09:17:57,8kb,""0,00"",0000000703,25/04/2018,09:49:53,182kb,,""0,00"""
697,"0000000704 25/04/2018 11:37:22,200kb,""0,00"",0000000705,25/04/2018,12:21:35,133kb,,""0,00"""
698,"0000000706 25/04/2018 13:20:12,64kb,""0,00"",0000000707,25/04/2018,14:17:55,200kb,,""0,00"""
699,"0000000708 25/04/2018 15:04:58,338kb,""0,00"",0000000709,25/04/2018,16:50:46,200kb,,""0,00"""
700,"0000000710 25/04/2018 20:10:55,1253kb,""0,00"",0000000711,26/04/2018,01:53:31,246kb,,""0,00"""
701,"0000000712 26/04/2018 06:32:36,5kb,""0,00"",0000000713,26/04/2018,06:33:59,200kb,,""0,00"""
702,"0000000714 26/04/2018 06:40:28,73kb,""0,00"",0000000715,26/04/2018,07:20:34,200kb,,""0,00"""
703,"0000000716 26/04/2018 08:21:06,86kb,""0,00"",0000000717,26/04/2018,08:46:12,200kb,,""0,00"""
704,"0000000718 26/04/2018 08:58:44,6kb,""0,00"",0000000719,26/04/2018,10:16:05,13kb,,""0,00"""
705,"0000000720 26/04/2018 10:17:28,2kb,""0,00"",0000000721,26/04/2018,10:17:58,200kb,,""0,00"""
706,"0000000722 26/04/2018 10:20:07,3kb,""0,00"",0000000723,26/04/2018,10:38:02,200kb,,""0,00"""
707,"0000000724 26/04/2018 10:38:51,7kb,""0,00"",0000000725,26/04/2018,10:58:07,18kb,,""0,00"""
708,"0000000726 26/04/2018 11:54:11,92kb,""0,00"",0000000727,26/04/2018,11:58:53,49kb,,""0,00"""
709,"0000000728 26/04/2018 12:23:40,98kb,""0,00"",0000000729,26/04/2018,12:58:48,0kb,,""0,00"""
710,"0000000730 26/04/2018 13:18:05,97kb,""0,00"",0000000731,26/04/2018,13:22:16,200kb,,""0,00"""
711,"0000000732 26/04/2018 14:19:03,200kb,""0,00"",0000000733,26/04/2018,14:24:06,8kb,,""0,00"""
712,"0000000734 26/04/2018 15:03:11,50kb,""0,00"",0000000735,26/04/2018,15:30:38,200kb,,""0,00"""
713,"0000000736 26/04/2018 16:32:22,7kb,""0,00"",0000000737,26/04/2018,16:34:41,139kb,,""0,00"""
714,"0000000738 26/04/2018 17:26:46,200kb,""0,00"",0000000739,26/04/2018,17:27:24,76kb,,""0,00"""
715,"0000000740 26/04/2018 18:56:01,725kb,""0,00"",0000000741,26/04/2018,21:46:40,200kb,,""0,00"""
716,"0000000742 26/04/2018 22:44:32,321kb,""0,00"",0000000743,27/04/2018,06:05:33,200kb,,""0,00"""
717,"0000000744 27/04/2018 06:44:09,56kb,""0,00"",0000000745,27/04/2018,07:52:25,200kb,,""0,00"""
718,"0000000746 27/04/2018 08:11:39,58kb,""0,00"",0000000747,27/04/2018,08:46:44,19kb,,""0,00"""
719,"0000000748 27/04/2018 08:59:49,200kb,""0,00"",0000000749,27/04/2018,09:51:02,200kb,,""0,00"""
720,"0000000750 27/04/2018 09:59:07,14kb,""0,00"",0000000751,27/04/2018,10:48:19,200kb,,""0,00"""
721,"0000000752 27/04/2018 11:19:01,29kb,""0,00"",0000000753,27/04/2018,12:21:28,47kb,,""0,00"""
722,"0000000754 27/04/2018 12:57:42,200kb,""0,00"",0000000755,27/04/2018,13:55:59,74kb,,""0,00"""
723,"0000000756 27/04/2018 15:02:54,200kb,""0,00"",0000000757,27/04/2018,15:50:14,40kb,,""0,00"""
724,"0000000758 27/04/2018 16:15:16,200kb,""0,00"",0000000759,27/04/2018,17:14:32,200kb,,""0,00"""
725,"0000000760 27/04/2018 17:16:40,15kb,""0,00"",0000000761,27/04/2018,17:46:58,200kb,,""0,00"""
726,"0000000762 27/04/2018 17:55:28,200kb,""0,00"",0000000763,27/04/2018,17:58:58,17kb,,""0,00"""
727,"0000000764 27/04/2018 18:32:16,200kb,""0,00"",0000000765,27/04/2018,18:39:00,2kb,,""0,00"""
728,"0000000766 27/04/2018 18:45:39,150kb,""0,00"",0000000767,28/04/2018,01:24:55,97kb,,""0,00"""
729,"0000000768 28/04/2018 05:59:18,200kb,""0,00"",0000000769,28/04/2018,06:30:34,53kb,,""0,00"""
730,"0000000770 28/04/2018 06:35:38,43kb,""0,00"",0000000771,28/04/2018,07:09:00,432kb,,""0,00"""
731,"0000000772 28/04/2018 09:08:03,41kb,""0,00"",0000000773,28/04/2018,09:54:10,200kb,,""0,00"""
732,"0000000774 28/04/2018 10:18:35,14kb,""0,00"",0000000775,28/04/2018,10:52:40,200kb,,""0,00"""
733,"0000000776 28/04/2018 11:07:15,12kb,""0,00"",0000000777,28/04/2018,11:27:07,199kb,,""0,00"""
734,"0000000778 28/04/2018 14:06:33,8kb,""0,00"",0000000779,28/04/2018,14:25:52,200kb,,""0,00"""
735,"0000000780 28/04/2018 14:57:10,63kb,""0,00"",0000000781,28/04/2018,16:38:39,200kb,,""0,00"""
736,"0000000782 28/04/2018 16:58:23,41kb,""0,00"",0000000783,28/04/2018,17:58:11,45kb,,""0,00"""
737,"0000000784 28/04/2018 18:49:39,200kb,""0,00"",0000000785,28/04/2018,18:55:40,391kb,,""0,00"""
738,"0000000786 29/04/2018 10:51:38,200kb,""0,00"",0000000787,29/04/2018,18:39:04,200kb,,""0,00"""
739,"0000000788 29/04/2018 18:45:09,66kb,""0,00"",0000000789,29/04/2018,18:49:35,5kb,,""0,00"""
740,"0000000790 29/04/2018 18:52:34,424kb,""0,00"",0000000791,30/04/2018,04:39:20,200kb,,""0,00"""
741,"0000000792 30/04/2018 06:32:09,40kb,""0,00"",0000000793,30/04/2018,06:53:41,17kb,,""0,00"""
742,"0000000794 30/04/2018 06:57:58,200kb,""0,00"",0000000795,30/04/2018,07:53:42,200kb,,""0,00"""
743,"0000000796 30/04/2018 08:09:39,49kb,""0,00"",0000000797,30/04/2018,08:47:09,545kb,,""0,00"""
744,"0000000798 30/04/2018 09:44:23,98kb,""0,00"",0000000799,30/04/2018,09:50:19,200kb,,""0,00"""
745,"0000000800 30/04/2018 09:56:35,39kb,""0,00"",0000000801,30/04/2018,10:52:07,200kb,,""0,00"""
746,"0000000802 30/04/2018 11:05:20,254kb,""0,00"",0000000803,30/04/2018,12:33:18,20kb,,""0,00"""
747,"0000000804 30/04/2018 12:59:47,200kb,""0,00"",0000000805,30/04/2018,13:50:08,8kb,,""0,00"""
748,"0000000806 30/04/2018 14:15:11,200kb,""0,00"",0000000807,30/04/2018,14:32:00,66kb,,""0,00"""
749,"0000000808 30/04/2018 14:56:50,200kb,""0,00"",0000000809,30/04/2018,15:48:03,1349kb,,""0,00"""
750,"0000000810 30/04/2018 16:52:38,32kb,""0,00"",0000000811,30/04/2018,17:27:01,61kb,,""0,00"""
751,"0000000812 30/04/2018 18:08:30,2079kb,""0,00"",0000000813,30/04/2018,19:39:39,200kb,,""0,00"""
752,"0000000814 30/04/2018 19:56:38,275kb,""0,00"",0000000815,01/05/2018,04:00:15,203kb,,""0,00"""
753,"0000000816 01/05/2018 08:38:56,1139kb,""0,00"",0000000817,01/05/2018,17:11:18,2465kb,,""0,00"""
754,"MRO SERVICOS LOGISTICOS S.A.,,,,,,,,13/14"
755,"Data Hora Telefone,,Origem,,Duração,,Volume,Conteúdo,Valor (R$)"
756,"0000000818 02/05/2018 06:36:40 200kb,,""0,00"",0000000819,02/05/2018,06:59:04,25kb,,""0,00"""
757,"0000000820 02/05/2018 07:31:38 56kb,,""0,00"",0000000821,02/05/2018,08:07:50,200kb,,""0,00"""
758,"0000000822 02/05/2018 08:36:53 200kb,,""0,00"",0000000823,02/05/2018,09:25:45,7kb,,""0,00"""
759,"0000000824 02/05/2018 09:51:20 200kb,,""0,00"",0000000825,02/05/2018,10:36:34,92kb,,""0,00"""
760,"0000000826 02/05/2018 10:49:26 9999kb,,""0,00"",0000000827,02/05/2018,10:55:06,1017kb,,""0,00"""
761,"0000000828 02/05/2018 11:40:01 203kb,,""0,00"",0000000829,02/05/2018,13:13:13,200kb,,""0,00"""
762,"0000000830 02/05/2018 13:20:43 122kb,,""0,00"",0000000831,02/05/2018,14:29:24,59kb,,""0,00"""
763,"0000000832 02/05/2018 14:55:51 200kb,,""0,00"",0000000833,02/05/2018,15:20:43,127kb,,""0,00"""
764,"0000000834 02/05/2018 16:31:48 200kb,,""0,00"",0000000835,02/05/2018,16:48:47,52kb,,""0,00"""
765,"0000000836 02/05/2018 17:42:16 48kb,,""0,00"",0000000837,02/05/2018,18:10:09,200kb,,""0,00"""
766,"0000000838 02/05/2018 18:48:10 297kb,,""0,00"",0000000839,02/05/2018,20:20:47,658kb,,""0,00"""
767,"0000000840 03/05/2018 06:46:34 67kb,,""0,00"",0000000841,03/05/2018,07:35:20,74kb,,""0,00"""
768,"0000000842 03/05/2018 07:58:04 200kb,,""0,00"",0000000843,03/05/2018,08:48:16,178kb,,""0,00"""
769,"0000000844 03/05/2018 09:37:53 200kb,,""0,00"",0000000845,03/05/2018,10:04:47,134kb,,""0,00"""
770,"0000000846 03/05/2018 10:43:43 350kb,,""0,00"",0000000847,03/05/2018,10:56:00,200kb,,""0,00"""
771,"0000000848 03/05/2018 12:22:38 10244kb,,""0,00"",0000000849,03/05/2018,13:02:19,549kb,,""0,00"""
772,"0000000850 03/05/2018 13:57:22 174kb,,""0,00"",0000000851,03/05/2018,15:21:12,77kb,,""0,00"""
773,"0000000852 03/05/2018 16:18:54 200kb,,""0,00"",0000000853,03/05/2018,16:47:15,154kb,,""0,00"""
774,"0000000854 03/05/2018 17:56:20 81kb,,""0,00"",0000000855,03/05/2018,18:40:47,34kb,,""0,00"""
775,"0000000856 03/05/2018 19:18:47 200kb,,""0,00"",0000000857,03/05/2018,19:23:53,149kb,,""0,00"""
776,"0000000858 04/05/2018 04:14:26 182kb,,""0,00"",0000000859,04/05/2018,06:48:03,200kb,,""0,00"""
777,"0000000860 04/05/2018 06:55:01 107kb,,""0,00"",0000000861,04/05/2018,07:50:39,200kb,,""0,00"""
778,"0000000862 04/05/2018 08:15:05 46kb,,""0,00"",0000000863,04/05/2018,08:29:31,39kb,,""0,00"""
779,"0000000864 04/05/2018 08:57:10 200kb,,""0,00"",0000000865,04/05/2018,09:41:55,386kb,,""0,00"""
780,"0000000866 04/05/2018 09:58:05 200kb,,""0,00"",0000000867,04/05/2018,10:54:13,373kb,,""0,00"""
781,"0000000868 04/05/2018 12:28:29 200kb,,""0,00"",0000000869,04/05/2018,12:51:37,51kb,,""0,00"""
782,"0000000870 04/05/2018 13:24:29 200kb,,""0,00"",0000000871,04/05/2018,14:04:39,62kb,,""0,00"""
783,"0000000872 04/05/2018 14:30:52 200kb,,""0,00"",0000000873,04/05/2018,14:51:27,32kb,,""0,00"""
784,"0000000874 04/05/2018 15:00:14 200kb,,""0,00"",0000000875,04/05/2018,15:51:18,10kb,,""0,00"""
785,"0000000876 04/05/2018 16:06:21 184kb,,""0,00"",0000000877,04/05/2018,17:01:46,200kb,,""0,00"""
786,"0000000878 04/05/2018 17:52:42 56kb,,""0,00"",0000000879,04/05/2018,18:26:45,52kb,,""0,00"""
787,"0000000880 04/05/2018 18:33:08 0kb,,""0,00"",0000000881,04/05/2018,19:02:52,2kb,,""0,00"""
788,"0000000882 04/05/2018 19:06:25 210kb,,""0,00"",0000000883,05/05/2018,07:28:52,966kb,,""0,00"""
789,"0000000884 05/05/2018 07:53:04 23kb,,""0,00"",0000000885,05/05/2018,08:37:43,200kb,,""0,00"""
790,"0000000886 05/05/2018 09:06:50 2kb,,""0,00"",0000000887,05/05/2018,09:45:41,33kb,,""0,00"""
791,"0000000888 08/05/2018 06:41:24 2191kb,,""0,00"",0000000889,08/05/2018,06:50:05,54kb,,""0,00"""
792,"0000000890 08/05/2018 07:24:18 214kb,,""0,00"",0000000891,08/05/2018,08:29:05,259kb,,""0,00"""
793,"0000000892 08/05/2018 08:57:13 46kb,,""0,00"",0000000893,08/05/2018,09:47:04,62kb,,""0,00"""
794,"0000000894 08/05/2018 09:55:25 200kb,,""0,00"",0000000895,08/05/2018,10:27:35,182kb,,""0,00"""
795,"0000000896 08/05/2018 12:14:37 55kb,,""0,00"",0000000897,08/05/2018,13:12:59,200kb,,""0,00"""
796,"0000000898 08/05/2018 14:12:17 56kb,,""0,00"",0000000899,08/05/2018,15:02:03,127kb,,""0,00"""
797,"0000000900 08/05/2018 15:23:50 200kb,,""0,00"",0000000901,08/05/2018,15:48:18,10kb,,""0,00"""
798,"0000000902 08/05/2018 16:44:18 200kb,,""0,00"",0000000903,08/05/2018,16:54:06,31kb,,""0,00"""
799,"0000000904 08/05/2018 17:43:29 46kb,,""0,00"",0000000905,08/05/2018,18:33:14,811kb,,""0,00"""
800,"0000000906 09/05/2018 06:08:37 200kb,,""0,00"",0000000907,09/05/2018,06:22:36,994kb,,""0,00"""
801,"0000000908 09/05/2018 07:37:44 200kb,,""0,00"",0000000909,09/05/2018,08:03:24,89kb,,""0,00"""
802,"0000000910 09/05/2018 08:50:08 200kb,,""0,00"",0000000911,09/05/2018,09:20:59,423kb,,""0,00"""
803,"0000000912 09/05/2018 09:46:27 200kb,,""0,00"",0000000913,09/05/2018,09:53:42,86kb,,""0,00"""
804,"0000000914 09/05/2018 10:16:17 200kb,,""0,00"",0000000915,09/05/2018,11:17:06,188kb,,""0,00"""
805,"0000000916 09/05/2018 12:08:36 201kb,,""0,00"",0000000917,09/05/2018,14:36:17,114kb,,""0,00"""
806,"0000000918 09/05/2018 14:54:36 2kb,,""0,00"",0000000919,09/05/2018,15:05:07,200kb,,""0,00"""
807,"0000000920 09/05/2018 15:35:19 2kb,,""0,00"",0000000921,09/05/2018,15:56:51,200kb,,""0,00"""
808,"0000000922 09/05/2018 17:13:30 35kb,,""0,00"",0000000923,09/05/2018,17:33:01,200kb,,""0,00"""
809,"0000000924 09/05/2018 19:14:22 200kb,,""0,00"",0000000925,09/05/2018,19:54:05,21878kb,,""0,00"""
810,"0000000926 10/05/2018 08:40:51 17kb,,""0,00"",0000000927,10/05/2018,09:08:06,200kb,,""0,00"""
811,"0000000928 10/05/2018 09:35:35 31kb,,""0,00"",""00000TF0:90 -9 V2019.36 - 13_11080/50_B5I/F2_B0P1_C8T9PR1D0_:S037_0:3425_20180251051014k6b12_PROD_0000_SAIDA_GAD - CLASSE: C - M0OD,E0L0O: E - REGRA: 5 - OBJ: 11759 - FOLHA: 8740"",,,,,"
812,"0000000930 10/05/2018 10:47:54 315kb,,""0,00"",0000000931,10/05/2018,11:49:23,200kb,,""0,00"""
813,"0000000932 10/05/2018 12:36:10 141kb,,""0,00"",0000000933,10/05/2018,13:16:12,200kb,,""0,00"""
814,"0000000934 10/05/2018 14:15:19 28kb,,""0,00"",0000000935,10/05/2018,14:58:09,200kb,,""0,00"""
815,"0000000936 10/05/2018 15:13:46 7kb,,""0,00"",0000000937,10/05/2018,15:34:04,16kb,,""0,00"""
816,"0000000938 10/05/2018 16:12:06 200kb,,""0,00"",0000000939,10/05/2018,17:00:58,46kb,,""0,00"""
817,"0000000940 10/05/2018 17:37:54 200kb,,""0,00"",0000000941,10/05/2018,18:07:05,960kb,,""0,00"""
818,"0000000942 11/05/2018 06:34:41 114kb,,""0,00"",0000000943,11/05/2018,06:50:34,200kb,,""0,00"""
819,"0000000944 11/05/2018 07:04:07 21kb,,""0,00"",0000000945,11/05/2018,07:47:12,200kb,,""0,00"""
820,"0000000946 11/05/2018 08:12:57 29kb,,""0,00"",0000000947,11/05/2018,08:56:22,200kb,,""0,00"""
821,"0000000948 11/05/2018 09:43:21 30kb,,""0,00"",0000000949,11/05/2018,10:09:35,66kb,,""0,00"""
822,"0000000950 11/05/2018 11:04:15 200kb,,""0,00"",0000000951,11/05/2018,12:33:45,149kb,,""0,00"""
823,"0000000952 11/05/2018 14:22:54 9kb,,""0,00"",0000000953,12/05/2018,06:44:45,1191kb,,""0,00"""
824,"Tudo que você usou em Tráfego de Internet 297598kb,,,,,,,,""0,00"""
825,"Tudo que você usou em Internet Móvel,,,,,,,,""0,00"""
826,"Volume Total: 297598kb,,,,,,,,"
827,"Tudo que você usou em Mensagens/Internet Móvel,,,,,,,,""0,00"""
828,"LIGAÇÕES DE LONGA DISTÂNCIA,,,,,,,,"
829,"Data Hora Telefone,,Origem,,Destino,,Duração,Horário,Valor (R$)"
830,"Ligações de longa distância com a Oi,,,,,,,,"
831,"Ligações que você fez,,,,,,,,"
832,"MRO SERVICOS LOGISTICOS S.A.,,,,,,14/14"
833,"Data Hora Telefone,,Origem,Destino,Duração,Horário,Valor (R$)"
834,"0000000954 11/04/2018 21:30:14 31985195367,,RJ COD AREA 21,MG COD AREA 31,00:01:24,Normal,""0,00"""
835,"0000000955 17/04/2018 07:26:03 31985153384,,PA COD AREA 93,MG COD AREA 31,00:00:30,Normal,""0,00"""
836,"0000000956 24/04/2018 09:25:09 21980020016,,PA COD AREA 93,RJ COD AREA 21,00:06:24,Normal,""0,00"""
837,"0000000957 24/04/2018 09:33:26 21980020016,,PA COD AREA 93,RJ COD AREA 21,00:19:36,Normal,""0,00"""
838,"0000000958 24/04/2018 10:48:53 98988114911,,PA COD AREA 93,MA COD AREA 98,00:03:48,Normal,""0,00"""
839,"0000000959 27/04/2018 14:31:09 31985153384,,PA COD AREA 93,MG COD AREA 31,00:00:42,Normal,""0,00"""
840,"0000000960 02/05/2018 11:34:15 9132872172,,PA COD AREA 93,PA BELEM,00:02:48,Normal,""0,00"""
841,"0000000961 02/05/2018 17:38:18 9132872172,,PA COD AREA 93,PA BELEM,00:03:24,Normal,""0,00"""
842,"0000000962 03/05/2018 08:23:42 11996081010,,PA COD AREA 93,SP COD AREA 11,00:01:24,Normal,""0,00"""
843,"0000000963 03/05/2018 17:37:41 91992641873,,AP COD AREA 96,PA COD AREA 91,00:00:30,Normal,""0,00"""
844,"Duração Total,,,,00:40:30,,"
845,"Total de ligações feitas,,,,,,""0,00"""
846,"Total de ligações de longa distância,,,,,,""0,00"""
847,"Tudo que você usou em Ligações de Longa Distância,,,,,,""0,00"""
848,"CRÉDITOS DIVERSOS,,,,,,"
849,"Créditos Diversos,,,,,,"
850,"0000000964 Franquia Oi Dados,,,,,,"
851,"Fim do demonstrativo Oi: 93 99952 9516,,,,,,""75,77"""
852,"PARCELAMENTO DE APARELHOS,,,,,,"
853,"Data Descrição,,,,Identificação,,Valor (R$)"
854,"0000000965 08/05/2018 Compra de 2 aparelhos:parcela 01 de 01,,,,NF 000513148,,""1,80"""
855,"Total a pagar Oi,,,,,,""164,35"""
